generated_at,source_reviewed_at,group_key,incentive_types,category,markets,total_reward,avg_reward,avg_target,earliest_end,hours_left,competition_proxy,manual_review_score,required_action,exposure_risk,automation_mode,sample_tickers
2026-08-05T04:27:53.003248+00:00,2026-08-05T04:27:53.003233+00:00,KXMAMDANIEO-26AUG08,liquidity,other,1,1000.0000,1000.0000,300.00,2026-08-09T13:59:00+00:00,105.52,High bounty,94.0,"Post qualifying resting limit orders during the active window; score depends on size, uptime, and distance from best bid/ask.","Unfilled orders may score, but fills create inventory. Target is about 300 contracts per market; worst-case contract exposure can approach $1 per filled contract before offsetting exits.",Read-only discovery and paper scoring only; live orders require human approval.,KXMAMDANIEO-26AUG08-T0
2026-08-05T04:27:53.003248+00:00,2026-08-05T04:27:53.003233+00:00,KXEOWEEK-26JUL25,liquidity,macro/markets,1,333.3333,333.3333,300.00,2026-08-08T14:00:00+00:00,81.54,Medium,74.7,"Post qualifying resting limit orders during the active window; score depends on size, uptime, and distance from best bid/ask.","Unfilled orders may score, but fills create inventory. Target is about 300 contracts per market; worst-case contract exposure can approach $1 per filled contract before offsetting exits.",Read-only discovery and paper scoring only; live orders require human approval.,KXEOWEEK-26JUL25-2
2026-08-05T04:27:53.003248+00:00,2026-08-05T04:27:53.003233+00:00,KXEOWEEK-26AUG08,liquidity,macro/markets,3,999.9999,333.3333,300.00,2026-08-22T14:00:00+00:00,417.54,Medium,68.7,"Post qualifying resting limit orders during the active window; score depends on size, uptime, and distance from best bid/ask.","Unfilled orders may score, but fills create inventory. Target is about 300 contracts per market; worst-case contract exposure can approach $1 per filled contract before offsetting exits.",Read-only discovery and paper scoring only; live orders require human approval.,"KXEOWEEK-26AUG08-0,KXEOWEEK-26AUG08-1,KXEOWEEK-26AUG08-2"
2026-08-05T04:27:53.003248+00:00,2026-08-05T04:27:53.003233+00:00,KXEOWEEK-26AUG01,liquidity,macro/markets,3,999.9999,333.3333,300.00,2026-08-15T14:00:00+00:00,249.54,Medium,68.7,"Post qualifying resting limit orders during the active window; score depends on size, uptime, and distance from best bid/ask.","Unfilled orders may score, but fills create inventory. Target is about 300 contracts per market; worst-case contract exposure can approach $1 per filled contract before offsetting exits.",Read-only discovery and paper scoring only; live orders require human approval.,"KXEOWEEK-26AUG01-0,KXEOWEEK-26AUG01-1,KXEOWEEK-26AUG01-2"
2026-08-05T04:27:53.003248+00:00,2026-08-05T04:27:53.003233+00:00,KXTRUMPENDORSEMENTS-26AUG07,liquidity,politics/policy,7,999.9997,142.8571,300.00,2026-08-08T14:00:00+00:00,81.54,Medium-Low,62.0,"Post qualifying resting limit orders during the active window; score depends on size, uptime, and distance from best bid/ask.","Unfilled orders may score, but fills create inventory. Target is about 300 contracts per market; worst-case contract exposure can approach $1 per filled contract before offsetting exits.",Read-only discovery and paper scoring only; live orders require human approval.,"KXTRUMPENDORSEMENTS-26AUG07-A10,KXTRUMPENDORSEMENTS-26AUG07-A15,KXTRUMPENDORSEMENTS-26AUG07-A20,KXTRUMPENDORSEMENTS-26AUG07-A25,KXTRUMPENDORSEMENTS-26AUG07-A3"
2026-08-05T04:27:53.003248+00:00,2026-08-05T04:27:53.003233+00:00,KXSENATEMND-26,liquidity,politics/policy,2,1000.0000,500.0000,1000.00,2026-08-12T03:59:00+00:00,167.52,Medium-High,61.5,"Post qualifying resting limit orders during the active window; score depends on size, uptime, and distance from best bid/ask.","Unfilled orders may score, but fills create inventory. Target is about 1000 contracts per market; worst-case contract exposure can approach $1 per filled contract before offsetting exits.",Read-only discovery and paper scoring only; live orders require human approval.,"KXSENATEMND-26-ACRA,KXSENATEMND-26-PFLA"
2026-08-05T04:27:53.003248+00:00,2026-08-05T04:27:53.003233+00:00,KXTRUMPACT-26AUG02,liquidity,politics/policy,10,1000.0000,100.0000,300.00,2026-08-09T14:00:00+00:00,105.54,Medium-Low,60.5,"Post qualifying resting limit orders during the active window; score depends on size, uptime, and distance from best bid/ask.","Unfilled orders may score, but fills create inventory. Target is about 300 contracts per market; worst-case contract exposure can approach $1 per filled contract before offsetting exits.",Read-only discovery and paper scoring only; live orders require human approval.,"KXTRUMPACT-26AUG02-T1,KXTRUMPACT-26AUG02-T10,KXTRUMPACT-26AUG02-T15,KXTRUMPACT-26AUG02-T2,KXTRUMPACT-26AUG02-T3"
2026-08-05T04:27:53.003248+00:00,2026-08-05T04:27:53.003233+00:00,KXAPRPOTUS-26AUG07,liquidity,other,8,1000.0000,125.0000,300.00,2026-08-07T15:00:00+00:00,58.54,Medium-Low,60.4,"Post qualifying resting limit orders during the active window; score depends on size, uptime, and distance from best bid/ask.","Unfilled orders may score, but fills create inventory. Target is about 300 contracts per market; worst-case contract exposure can approach $1 per filled contract before offsetting exits.",Read-only discovery and paper scoring only; live orders require human approval.,"KXAPRPOTUS-26AUG07-39.2,KXAPRPOTUS-26AUG07-39.3,KXAPRPOTUS-26AUG07-39.6,KXAPRPOTUS-26AUG07-39.9,KXAPRPOTUS-26AUG07-40.2"
2026-08-05T04:27:53.003248+00:00,2026-08-05T04:27:53.003233+00:00,KXTRUTHSOCIAL-26AUG08,liquidity,other,10,1000.0000,100.0000,300.00,2026-08-09T13:59:00+00:00,105.52,Medium-Low,59.5,"Post qualifying resting limit orders during the active window; score depends on size, uptime, and distance from best bid/ask.","Unfilled orders may score, but fills create inventory. Target is about 300 contracts per market; worst-case contract exposure can approach $1 per filled contract before offsetting exits.",Read-only discovery and paper scoring only; live orders require human approval.,"KXTRUTHSOCIAL-26AUG08-B109,KXTRUTHSOCIAL-26AUG08-B129,KXTRUTHSOCIAL-26AUG08-B149,KXTRUTHSOCIAL-26AUG08-B169,KXTRUTHSOCIAL-26AUG08-B189"
2026-08-05T04:27:53.003248+00:00,2026-08-05T04:27:53.003233+00:00,KXPOKEMON-26AUG151ULTCO,liquidity,other,1,345.0000,345.0000,1000.00,2026-08-09T03:59:59.999999+00:00,95.54,Medium-High,55.1,"Post qualifying resting limit orders during the active window; score depends on size, uptime, and distance from best bid/ask.","Unfilled orders may score, but fills create inventory. Target is about 1000 contracts per market; worst-case contract exposure can approach $1 per filled contract before offsetting exits.",Read-only discovery and paper scoring only; live orders require human approval.,KXPOKEMON-26AUG151ULTCO-939.85
2026-08-05T04:27:53.003248+00:00,2026-08-05T04:27:53.003233+00:00,KXPOKEMON-26AUGASCHEREL,liquidity,other,1,345.0000,345.0000,1000.00,2026-08-09T03:59:59.999999+00:00,95.54,Medium-High,55.1,"Post qualifying resting limit orders during the active window; score depends on size, uptime, and distance from best bid/ask.","Unfilled orders may score, but fills create inventory. Target is about 1000 contracts per market; worst-case contract exposure can approach $1 per filled contract before offsetting exits.",Read-only discovery and paper scoring only; live orders require human approval.,KXPOKEMON-26AUGASCHEREL-168.68
2026-08-05T04:27:53.003248+00:00,2026-08-05T04:27:53.003233+00:00,KXPOKEMON-26AUGASCHERPO,liquidity,other,1,345.0000,345.0000,1000.00,2026-08-09T03:59:59.999999+00:00,95.54,Medium-High,55.1,"Post qualifying resting limit orders during the active window; score depends on size, uptime, and distance from best bid/ask.","Unfilled orders may score, but fills create inventory. Target is about 1000 contracts per market; worst-case contract exposure can approach $1 per filled contract before offsetting exits.",Read-only discovery and paper scoring only; live orders require human approval.,KXPOKEMON-26AUGASCHERPO-426.2
2026-08-05T04:27:53.003248+00:00,2026-08-05T04:27:53.003233+00:00,KXPOKEMON-26AUGBLOWATPR,liquidity,other,1,345.0000,345.0000,1000.00,2026-08-09T03:59:59.999999+00:00,95.54,Medium-High,55.1,"Post qualifying resting limit orders during the active window; score depends on size, uptime, and distance from best bid/ask.","Unfilled orders may score, but fills create inventory. Target is about 1000 contracts per market; worst-case contract exposure can approach $1 per filled contract before offsetting exits.",Read-only discovery and paper scoring only; live orders require human approval.,KXPOKEMON-26AUGBLOWATPR-326.97
2026-08-05T04:27:53.003248+00:00,2026-08-05T04:27:53.003233+00:00,KXPOKEMON-26AUGBUL,liquidity,other,1,345.0000,345.0000,1000.00,2026-08-09T03:59:59.999999+00:00,95.54,Medium-High,55.1,"Post qualifying resting limit orders during the active window; score depends on size, uptime, and distance from best bid/ask.","Unfilled orders may score, but fills create inventory. Target is about 1000 contracts per market; worst-case contract exposure can approach $1 per filled contract before offsetting exits.",Read-only discovery and paper scoring only; live orders require human approval.,KXPOKEMON-26AUGBUL-27.23
2026-08-05T04:27:53.003248+00:00,2026-08-05T04:27:53.003233+00:00,KXPOKEMON-26AUGCELULTPR,liquidity,other,1,345.0000,345.0000,1000.00,2026-08-09T03:59:59.999999+00:00,95.54,Medium-High,55.1,"Post qualifying resting limit orders during the active window; score depends on size, uptime, and distance from best bid/ask.","Unfilled orders may score, but fills create inventory. Target is about 1000 contracts per market; worst-case contract exposure can approach $1 per filled contract before offsetting exits.",Read-only discovery and paper scoring only; live orders require human approval.,KXPOKEMON-26AUGCELULTPR-1298.63
2026-08-05T04:27:53.003248+00:00,2026-08-05T04:27:53.003233+00:00,KXPOKEMON-26AUGCHA,liquidity,other,1,345.0000,345.0000,1000.00,2026-08-09T03:59:59.999999+00:00,95.54,Medium-High,55.1,"Post qualifying resting limit orders during the active window; score depends on size, uptime, and distance from best bid/ask.","Unfilled orders may score, but fills create inventory. Target is about 1000 contracts per market; worst-case contract exposure can approach $1 per filled contract before offsetting exits.",Read-only discovery and paper scoring only; live orders require human approval.,KXPOKEMON-26AUGCHA-38.92
2026-08-05T04:27:53.003248+00:00,2026-08-05T04:27:53.003233+00:00,KXPOKEMON-26AUGCHAEX,liquidity,other,1,345.0000,345.0000,1000.00,2026-08-09T03:59:59.999999+00:00,95.54,Medium-High,55.1,"Post qualifying resting limit orders during the active window; score depends on size, uptime, and distance from best bid/ask.","Unfilled orders may score, but fills create inventory. Target is about 1000 contracts per market; worst-case contract exposure can approach $1 per filled contract before offsetting exits.",Read-only discovery and paper scoring only; live orders require human approval.,KXPOKEMON-26AUGCHAEX-368.43
2026-08-05T04:27:53.003248+00:00,2026-08-05T04:27:53.003233+00:00,KXPOKEMON-26AUGFIRPARIL,liquidity,other,1,345.0000,345.0000,1000.00,2026-08-09T03:59:59.999999+00:00,95.54,Medium-High,55.1,"Post qualifying resting limit orders during the active window; score depends on size, uptime, and distance from best bid/ask.","Unfilled orders may score, but fills create inventory. Target is about 1000 contracts per market; worst-case contract exposure can approach $1 per filled contract before offsetting exits.",Read-only discovery and paper scoring only; live orders require human approval.,KXPOKEMON-26AUGFIRPARIL-63.03
2026-08-05T04:27:53.003248+00:00,2026-08-05T04:27:53.003233+00:00,KXPOKEMON-26AUGGENCOSHO,liquidity,other,1,345.0000,345.0000,1000.00,2026-08-09T03:59:59.999999+00:00,95.54,Medium-High,55.1,"Post qualifying resting limit orders during the active window; score depends on size, uptime, and distance from best bid/ask.","Unfilled orders may score, but fills create inventory. Target is about 1000 contracts per market; worst-case contract exposure can approach $1 per filled contract before offsetting exits.",Read-only discovery and paper scoring only; live orders require human approval.,KXPOKEMON-26AUGGENCOSHO-184.84
2026-08-05T04:27:53.003248+00:00,2026-08-05T04:27:53.003233+00:00,KXPOKEMON-26AUGMEGCHAXE,liquidity,other,1,345.0000,345.0000,1000.00,2026-08-09T03:59:59.999999+00:00,95.54,Medium-High,55.1,"Post qualifying resting limit orders during the active window; score depends on size, uptime, and distance from best bid/ask.","Unfilled orders may score, but fills create inventory. Target is about 1000 contracts per market; worst-case contract exposure can approach $1 per filled contract before offsetting exits.",Read-only discovery and paper scoring only; live orders require human approval.,KXPOKEMON-26AUGMEGCHAXE-34.66
2026-08-05T04:27:53.003248+00:00,2026-08-05T04:27:53.003233+00:00,KXPOKEMON-26AUGMEGCHAYE,liquidity,other,1,345.0000,345.0000,1000.00,2026-08-09T03:59:59.999999+00:00,95.54,Medium-High,55.1,"Post qualifying resting limit orders during the active window; score depends on size, uptime, and distance from best bid/ask.","Unfilled orders may score, but fills create inventory. Target is about 1000 contracts per market; worst-case contract exposure can approach $1 per filled contract before offsetting exits.",Read-only discovery and paper scoring only; live orders require human approval.,KXPOKEMON-26AUGMEGCHAYE-445.06
2026-08-05T04:27:53.003248+00:00,2026-08-05T04:27:53.003233+00:00,KXPOKEMON-26AUGMEGDRAEX,liquidity,other,1,345.0000,345.0000,1000.00,2026-08-09T03:59:59.999999+00:00,95.54,Medium-High,55.1,"Post qualifying resting limit orders during the active window; score depends on size, uptime, and distance from best bid/ask.","Unfilled orders may score, but fills create inventory. Target is about 1000 contracts per market; worst-case contract exposure can approach $1 per filled contract before offsetting exits.",Read-only discovery and paper scoring only; live orders require human approval.,KXPOKEMON-26AUGMEGDRAEX-735.23
2026-08-05T04:27:53.003248+00:00,2026-08-05T04:27:53.003233+00:00,KXPOKEMON-26AUGMEGGENEX,liquidity,other,1,345.0000,345.0000,1000.00,2026-08-09T03:59:59.999999+00:00,95.54,Medium-High,55.1,"Post qualifying resting limit orders during the active window; score depends on size, uptime, and distance from best bid/ask.","Unfilled orders may score, but fills create inventory. Target is about 1000 contracts per market; worst-case contract exposure can approach $1 per filled contract before offsetting exits.",Read-only discovery and paper scoring only; live orders require human approval.,KXPOKEMON-26AUGMEGGENEX-1215.62
2026-08-05T04:27:53.003248+00:00,2026-08-05T04:27:53.003233+00:00,KXPOKEMON-26AUGPERORDBO,liquidity,other,1,345.0000,345.0000,1000.00,2026-08-09T03:59:59.999999+00:00,95.54,Medium-High,55.1,"Post qualifying resting limit orders during the active window; score depends on size, uptime, and distance from best bid/ask.","Unfilled orders may score, but fills create inventory. Target is about 1000 contracts per market; worst-case contract exposure can approach $1 per filled contract before offsetting exits.",Read-only discovery and paper scoring only; live orders require human approval.,KXPOKEMON-26AUGPERORDBO-174.86
2026-08-05T04:27:53.003248+00:00,2026-08-05T04:27:53.003233+00:00,KXPOKEMON-26AUGPERORDPO,liquidity,other,1,345.0000,345.0000,1000.00,2026-08-09T03:59:59.999999+00:00,95.54,Medium-High,55.1,"Post qualifying resting limit orders during the active window; score depends on size, uptime, and distance from best bid/ask.","Unfilled orders may score, but fills create inventory. Target is about 1000 contracts per market; worst-case contract exposure can approach $1 per filled contract before offsetting exits.",Read-only discovery and paper scoring only; live orders require human approval.,KXPOKEMON-26AUGPERORDPO-119.2
2026-08-05T04:27:53.003248+00:00,2026-08-05T04:27:53.003233+00:00,KXPOKEMON-26AUGPHAFLABO,liquidity,other,1,345.0000,345.0000,1000.00,2026-08-09T03:59:59.999999+00:00,95.54,Medium-High,55.1,"Post qualifying resting limit orders during the active window; score depends on size, uptime, and distance from best bid/ask.","Unfilled orders may score, but fills create inventory. Target is about 1000 contracts per market; worst-case contract exposure can approach $1 per filled contract before offsetting exits.",Read-only discovery and paper scoring only; live orders require human approval.,KXPOKEMON-26AUGPHAFLABO-412.28
2026-08-05T04:27:53.003248+00:00,2026-08-05T04:27:53.003233+00:00,KXPOKEMON-26AUGPIKEX,liquidity,other,1,345.0000,345.0000,1000.00,2026-08-09T03:59:59.999999+00:00,95.54,Medium-High,55.1,"Post qualifying resting limit orders during the active window; score depends on size, uptime, and distance from best bid/ask.","Unfilled orders may score, but fills create inventory. Target is about 1000 contracts per market; worst-case contract exposure can approach $1 per filled contract before offsetting exits.",Read-only discovery and paper scoring only; live orders require human approval.,KXPOKEMON-26AUGPIKEX-1160.2
2026-08-05T04:27:53.003248+00:00,2026-08-05T04:27:53.003233+00:00,KXPOKEMON-26AUGSQU,liquidity,other,1,345.0000,345.0000,1000.00,2026-08-09T03:59:59.999999+00:00,95.54,Medium-High,55.1,"Post qualifying resting limit orders during the active window; score depends on size, uptime, and distance from best bid/ask.","Unfilled orders may score, but fills create inventory. Target is about 1000 contracts per market; worst-case contract exposure can approach $1 per filled contract before offsetting exits.",Read-only discovery and paper scoring only; live orders require human approval.,KXPOKEMON-26AUGSQU-26.82
2026-08-05T04:27:53.003248+00:00,2026-08-05T04:27:53.003233+00:00,KXPOKEMON-26AUGTEAROCMO,liquidity,other,1,345.0000,345.0000,1000.00,2026-08-09T03:59:59.999999+00:00,95.54,Medium-High,55.1,"Post qualifying resting limit orders during the active window; score depends on size, uptime, and distance from best bid/ask.","Unfilled orders may score, but fills create inventory. Target is about 1000 contracts per market; worst-case contract exposure can approach $1 per filled contract before offsetting exits.",Read-only discovery and paper scoring only; live orders require human approval.,KXPOKEMON-26AUGTEAROCMO-359.62
2026-08-05T04:27:53.003248+00:00,2026-08-05T04:27:53.003233+00:00,KXDROPOUTPRIMARY-26,liquidity,other,3,1500.0000,500.0000,1000.00,2026-08-17T03:59:00+00:00,287.52,Medium-High,54.5,"Post qualifying resting limit orders during the active window; score depends on size, uptime, and distance from best bid/ask.","Unfilled orders may score, but fills create inventory. Target is about 1000 contracts per market; worst-case contract exposure can approach $1 per filled contract before offsetting exits.",Read-only discovery and paper scoring only; live orders require human approval.,"KXDROPOUTPRIMARY-26-CMIL,KXDROPOUTPRIMARY-26-JFIS,KXDROPOUTPRIMARY-26-PREN"
2026-08-05T04:27:53.003248+00:00,2026-08-05T04:27:53.003233+00:00,KXTRUMPUFC-26SEP,liquidity,politics/policy,1,285.0000,285.0000,1000.00,2026-08-09T03:59:59.999999+00:00,95.54,Medium-High,54.0,"Post qualifying resting limit orders during the active window; score depends on size, uptime, and distance from best bid/ask.","Unfilled orders may score, but fills create inventory. Target is about 1000 contracts per market; worst-case contract exposure can approach $1 per filled contract before offsetting exits.",Read-only discovery and paper scoring only; live orders require human approval.,KXTRUMPUFC-26SEP-DJT
2026-08-05T04:27:53.003248+00:00,2026-08-05T04:27:53.003233+00:00,KXTRUMPUFC-26OCT,liquidity,politics/policy,1,285.0000,285.0000,1000.00,2026-08-09T03:59:59.999999+00:00,95.54,Medium-High,54.0,"Post qualifying resting limit orders during the active window; score depends on size, uptime, and distance from best bid/ask.","Unfilled orders may score, but fills create inventory. Target is about 1000 contracts per market; worst-case contract exposure can approach $1 per filled contract before offsetting exits.",Read-only discovery and paper scoring only; live orders require human approval.,KXTRUMPUFC-26OCT-DJT
2026-08-05T04:27:53.003248+00:00,2026-08-05T04:27:53.003233+00:00,KXTRUMPUFC-26OCT2,liquidity,politics/policy,1,285.0000,285.0000,1000.00,2026-08-09T03:59:59.999999+00:00,95.54,Medium-High,54.0,"Post qualifying resting limit orders during the active window; score depends on size, uptime, and distance from best bid/ask.","Unfilled orders may score, but fills create inventory. Target is about 1000 contracts per market; worst-case contract exposure can approach $1 per filled contract before offsetting exits.",Read-only discovery and paper scoring only; live orders require human approval.,KXTRUMPUFC-26OCT2-DJT
2026-08-05T04:27:53.003248+00:00,2026-08-05T04:27:53.003233+00:00,KXRFKVACCINE-26AUG,liquidity,other,1,285.0000,285.0000,1000.00,2026-08-09T03:59:59.999999+00:00,95.54,Medium-High,53.0,"Post qualifying resting limit orders during the active window; score depends on size, uptime, and distance from best bid/ask.","Unfilled orders may score, but fills create inventory. Target is about 1000 contracts per market; worst-case contract exposure can approach $1 per filled contract before offsetting exits.",Read-only discovery and paper scoring only; live orders require human approval.,KXRFKVACCINE-26AUG-27JAN01
2026-08-05T04:27:53.003248+00:00,2026-08-05T04:27:53.003233+00:00,KXLOOMERADMIN-27JAN01,liquidity,other,1,285.0000,285.0000,1000.00,2026-08-09T03:59:59.999999+00:00,95.54,Medium-High,53.0,"Post qualifying resting limit orders during the active window; score depends on size, uptime, and distance from best bid/ask.","Unfilled orders may score, but fills create inventory. Target is about 1000 contracts per market; worst-case contract exposure can approach $1 per filled contract before offsetting exits.",Read-only discovery and paper scoring only; live orders require human approval.,KXLOOMERADMIN-27JAN01-LLOO
2026-08-05T04:27:53.003248+00:00,2026-08-05T04:27:53.003233+00:00,KXADJOURNRECESS-26AUG,liquidity,other,1,285.0000,285.0000,1000.00,2026-08-09T03:59:59.999999+00:00,95.54,Medium-High,53.0,"Post qualifying resting limit orders during the active window; score depends on size, uptime, and distance from best bid/ask.","Unfilled orders may score, but fills create inventory. Target is about 1000 contracts per market; worst-case contract exposure can approach $1 per filled contract before offsetting exits.",Read-only discovery and paper scoring only; live orders require human approval.,KXADJOURNRECESS-26AUG-AUG10
2026-08-05T04:27:53.003248+00:00,2026-08-05T04:27:53.003233+00:00,KXCENSUREEDWARDS-26NOV,liquidity,other,1,285.0000,285.0000,1000.00,2026-08-09T03:59:59.999999+00:00,95.54,Medium-High,53.0,"Post qualifying resting limit orders during the active window; score depends on size, uptime, and distance from best bid/ask.","Unfilled orders may score, but fills create inventory. Target is about 1000 contracts per market; worst-case contract exposure can approach $1 per filled contract before offsetting exits.",Read-only discovery and paper scoring only; live orders require human approval.,KXCENSUREEDWARDS-26NOV
2026-08-05T04:27:53.003248+00:00,2026-08-05T04:27:53.003233+00:00,KXMILLEROUT-26JUL,liquidity,other,1,200.0000,200.0000,500.00,2026-08-17T03:59:00+00:00,287.52,Medium-Low,53.0,"Post qualifying resting limit orders during the active window; score depends on size, uptime, and distance from best bid/ask.","Unfilled orders may score, but fills create inventory. Target is about 500 contracts per market; worst-case contract exposure can approach $1 per filled contract before offsetting exits.",Read-only discovery and paper scoring only; live orders require human approval.,KXMILLEROUT-26JUL-26NOV03
2026-08-05T04:27:53.003248+00:00,2026-08-05T04:27:53.003233+00:00,KXPRIMARYPLACE-SCRSENS26-1,liquidity,other,4,1400.0000,350.0000,1000.00,2026-08-09T03:59:59.999999+00:00,95.54,Medium-High,52.2,"Post qualifying resting limit orders during the active window; score depends on size, uptime, and distance from best bid/ask.","Unfilled orders may score, but fills create inventory. Target is about 1000 contracts per market; worst-case contract exposure can approach $1 per filled contract before offsetting exits.",Read-only discovery and paper scoring only; live orders require human approval.,"KXPRIMARYPLACE-SCRSENS26-1-DGRA,KXPRIMARYPLACE-SCRSENS26-1-MSAN,KXPRIMARYPLACE-SCRSENS26-1-RFRY,KXPRIMARYPLACE-SCRSENS26-1-RNOR"
2026-08-05T04:27:53.003248+00:00,2026-08-05T04:27:53.003233+00:00,KXCOMEYDISMISS-27,liquidity,other,2,460.0000,230.0000,1000.00,2026-08-09T03:59:59.999999+00:00,95.54,Medium-High,51.0,"Post qualifying resting limit orders during the active window; score depends on size, uptime, and distance from best bid/ask.","Unfilled orders may score, but fills create inventory. Target is about 1000 contracts per market; worst-case contract exposure can approach $1 per filled contract before offsetting exits.",Read-only discovery and paper scoring only; live orders require human approval.,"KXCOMEYDISMISS-27-26OCT01,KXCOMEYDISMISS-27-27JAN01"
2026-08-05T04:27:53.003248+00:00,2026-08-05T04:27:53.003233+00:00,KXCHINADATACENTER-26AUG,liquidity,other,1,230.0000,230.0000,1000.00,2026-08-09T03:59:59.999999+00:00,95.54,Medium-High,51.0,"Post qualifying resting limit orders during the active window; score depends on size, uptime, and distance from best bid/ask.","Unfilled orders may score, but fills create inventory. Target is about 1000 contracts per market; worst-case contract exposure can approach $1 per filled contract before offsetting exits.",Read-only discovery and paper scoring only; live orders require human approval.,KXCHINADATACENTER-26AUG-27JAN01
2026-08-05T04:27:53.003248+00:00,2026-08-05T04:27:53.003233+00:00,KXTECHLAYOFF-26JUL,liquidity,other,1,230.0000,230.0000,1000.00,2026-08-09T03:59:59.999999+00:00,95.54,Medium-High,51.0,"Post qualifying resting limit orders during the active window; score depends on size, uptime, and distance from best bid/ask.","Unfilled orders may score, but fills create inventory. Target is about 1000 contracts per market; worst-case contract exposure can approach $1 per filled contract before offsetting exits.",Read-only discovery and paper scoring only; live orders require human approval.,KXTECHLAYOFF-26JUL-2.3
2026-08-05T04:27:53.003248+00:00,2026-08-05T04:27:53.003233+00:00,KXSCRSENS1REXACT-26AUG11-FRY-NOR,liquidity,other,1,200.0000,200.0000,1000.00,2026-08-09T03:59:59.999999+00:00,95.54,Medium-High,50.0,"Post qualifying resting limit orders during the active window; score depends on size, uptime, and distance from best bid/ask.","Unfilled orders may score, but fills create inventory. Target is about 1000 contracts per market; worst-case contract exposure can approach $1 per filled contract before offsetting exits.",Read-only discovery and paper scoring only; live orders require human approval.,KXSCRSENS1REXACT-26AUG11-FRY-NOR-GRA
2026-08-05T04:27:53.003248+00:00,2026-08-05T04:27:53.003233+00:00,KXSCRSENS1REXACT-26AUG11-FRY-GRA,liquidity,other,1,200.0000,200.0000,1000.00,2026-08-09T03:59:59.999999+00:00,95.54,Medium-High,50.0,"Post qualifying resting limit orders during the active window; score depends on size, uptime, and distance from best bid/ask.","Unfilled orders may score, but fills create inventory. Target is about 1000 contracts per market; worst-case contract exposure can approach $1 per filled contract before offsetting exits.",Read-only discovery and paper scoring only; live orders require human approval.,KXSCRSENS1REXACT-26AUG11-FRY-GRA-NOR
2026-08-05T04:27:53.003248+00:00,2026-08-05T04:27:53.003233+00:00,KXSCRSENS1REXACT-26AUG11-NOR-FRY,liquidity,other,1,200.0000,200.0000,1000.00,2026-08-09T03:59:59.999999+00:00,95.54,Medium-High,50.0,"Post qualifying resting limit orders during the active window; score depends on size, uptime, and distance from best bid/ask.","Unfilled orders may score, but fills create inventory. Target is about 1000 contracts per market; worst-case contract exposure can approach $1 per filled contract before offsetting exits.",Read-only discovery and paper scoring only; live orders require human approval.,KXSCRSENS1REXACT-26AUG11-NOR-FRY-GRA
2026-08-05T04:27:53.003248+00:00,2026-08-05T04:27:53.003233+00:00,KXSCRSENS1REXACT-26AUG11-NOR-GRA,liquidity,other,1,200.0000,200.0000,1000.00,2026-08-09T03:59:59.999999+00:00,95.54,Medium-High,50.0,"Post qualifying resting limit orders during the active window; score depends on size, uptime, and distance from best bid/ask.","Unfilled orders may score, but fills create inventory. Target is about 1000 contracts per market; worst-case contract exposure can approach $1 per filled contract before offsetting exits.",Read-only discovery and paper scoring only; live orders require human approval.,KXSCRSENS1REXACT-26AUG11-NOR-GRA-FRY
2026-08-05T04:27:53.003248+00:00,2026-08-05T04:27:53.003233+00:00,KXSCRSENS1REXACT-26AUG11-GRA-NOR,liquidity,other,1,200.0000,200.0000,1000.00,2026-08-09T03:59:59.999999+00:00,95.54,Medium-High,50.0,"Post qualifying resting limit orders during the active window; score depends on size, uptime, and distance from best bid/ask.","Unfilled orders may score, but fills create inventory. Target is about 1000 contracts per market; worst-case contract exposure can approach $1 per filled contract before offsetting exits.",Read-only discovery and paper scoring only; live orders require human approval.,KXSCRSENS1REXACT-26AUG11-GRA-NOR-FRY
2026-08-05T04:27:53.003248+00:00,2026-08-05T04:27:53.003233+00:00,KXSCRSENS1REXACT-26AUG11-GRA-FRY,liquidity,other,1,200.0000,200.0000,1000.00,2026-08-09T03:59:59.999999+00:00,95.54,Medium-High,50.0,"Post qualifying resting limit orders during the active window; score depends on size, uptime, and distance from best bid/ask.","Unfilled orders may score, but fills create inventory. Target is about 1000 contracts per market; worst-case contract exposure can approach $1 per filled contract before offsetting exits.",Read-only discovery and paper scoring only; live orders require human approval.,KXSCRSENS1REXACT-26AUG11-GRA-FRY-NOR
2026-08-05T04:27:53.003248+00:00,2026-08-05T04:27:53.003233+00:00,KXFIFALEAVE-27JAN01,liquidity,other,1,200.0000,200.0000,1000.00,2026-08-07T03:59:00+00:00,47.52,Medium-High,50.0,"Post qualifying resting limit orders during the active window; score depends on size, uptime, and distance from best bid/ask.","Unfilled orders may score, but fills create inventory. Target is about 1000 contracts per market; worst-case contract exposure can approach $1 per filled contract before offsetting exits.",Read-only discovery and paper scoring only; live orders require human approval.,KXFIFALEAVE-27JAN01-YES
2026-08-05T04:27:53.003248+00:00,2026-08-05T04:27:53.003233+00:00,KXOSNABRUCKMAYOR-26SEP13,liquidity,politics/policy,4,1000.0000,250.0000,1000.00,2026-08-09T03:59:59.999999+00:00,95.54,Medium-High,49.8,"Post qualifying resting limit orders during the active window; score depends on size, uptime, and distance from best bid/ask.","Unfilled orders may score, but fills create inventory. Target is about 1000 contracts per market; worst-case contract exposure can approach $1 per filled contract before offsetting exits.",Read-only discovery and paper scoring only; live orders require human approval.,"KXOSNABRUCKMAYOR-26SEP13-AFD,KXOSNABRUCKMAYOR-26SEP13-CDU,KXOSNABRUCKMAYOR-26SEP13-GRE,KXOSNABRUCKMAYOR-26SEP13-SPD"
2026-08-05T04:27:53.003248+00:00,2026-08-05T04:27:53.003233+00:00,KXDSAMEMBERSHIP-26DEC31,liquidity,other,4,1000.0000,250.0000,1000.00,2026-08-09T03:59:59.999999+00:00,95.54,Medium-High,48.8,"Post qualifying resting limit orders during the active window; score depends on size, uptime, and distance from best bid/ask.","Unfilled orders may score, but fills create inventory. Target is about 1000 contracts per market; worst-case contract exposure can approach $1 per filled contract before offsetting exits.",Read-only discovery and paper scoring only; live orders require human approval.,"KXDSAMEMBERSHIP-26DEC31-A130000,KXDSAMEMBERSHIP-26DEC31-A140000,KXDSAMEMBERSHIP-26DEC31-A150000,KXDSAMEMBERSHIP-26DEC31-A160000"
2026-08-05T04:27:53.003248+00:00,2026-08-05T04:27:53.003233+00:00,KXTOPMODEL-26AUG31,liquidity,other,5,1200.0000,240.0000,1000.00,2026-08-09T03:59:59.999999+00:00,95.54,Medium-High,48.4,"Post qualifying resting limit orders during the active window; score depends on size, uptime, and distance from best bid/ask.","Unfilled orders may score, but fills create inventory. Target is about 1000 contracts per market; worst-case contract exposure can approach $1 per filled contract before offsetting exits.",Read-only discovery and paper scoring only; live orders require human approval.,"KXTOPMODEL-26AUG31-CLAU5,KXTOPMODEL-26AUG31-CLAU7,KXTOPMODEL-26AUG31-CLAUF,KXTOPMODEL-26AUG31-CLAUM,KXTOPMODEL-26AUG31-CLAUT"
2026-08-05T04:27:53.003248+00:00,2026-08-05T04:27:53.003233+00:00,KXFEAR-26AUG28,liquidity,other,5,1200.0000,240.0000,1000.00,2026-08-09T03:59:59.999999+00:00,95.54,Medium-High,48.4,"Post qualifying resting limit orders during the active window; score depends on size, uptime, and distance from best bid/ask.","Unfilled orders may score, but fills create inventory. Target is about 1000 contracts per market; worst-case contract exposure can approach $1 per filled contract before offsetting exits.",Read-only discovery and paper scoring only; live orders require human approval.,"KXFEAR-26AUG28-FEAR,KXFEAR-26AUG28-GREE,KXFEAR-26AUG28-NEUT,KXFEAR-26AUG28-XFEAR,KXFEAR-26AUG28-XGREE"
2026-08-05T04:27:53.003248+00:00,2026-08-05T04:27:53.003233+00:00,KXHANNOVERMAYOR-26SEP13,liquidity,politics/policy,5,1000.0000,200.0000,1000.00,2026-08-09T03:59:59.999999+00:00,95.54,Medium-High,48.0,"Post qualifying resting limit orders during the active window; score depends on size, uptime, and distance from best bid/ask.","Unfilled orders may score, but fills create inventory. Target is about 1000 contracts per market; worst-case contract exposure can approach $1 per filled contract before offsetting exits.",Read-only discovery and paper scoring only; live orders require human approval.,"KXHANNOVERMAYOR-26SEP13-AFD,KXHANNOVERMAYOR-26SEP13-CDU,KXHANNOVERMAYOR-26SEP13-DLIN,KXHANNOVERMAYOR-26SEP13-GRE,KXHANNOVERMAYOR-26SEP13-SPD"
2026-08-05T04:27:53.003248+00:00,2026-08-05T04:27:53.003233+00:00,KXMLBPITCH-26SOHTANI17,liquidity,sports,1,200.0000,200.0000,1000.00,2026-08-08T03:59:00+00:00,71.52,Medium-High,48.0,"Post qualifying resting limit orders during the active window; score depends on size, uptime, and distance from best bid/ask.","Unfilled orders may score, but fills create inventory. Target is about 1000 contracts per market; worst-case contract exposure can approach $1 per filled contract before offsetting exits.",Read-only discovery and paper scoring only; live orders require human approval.,KXMLBPITCH-26SOHTANI17-Y
2026-08-05T04:27:53.003248+00:00,2026-08-05T04:27:53.003233+00:00,KXSBUXSAR-26SEP02,liquidity,other,6,1200.0000,200.0000,1000.00,2026-08-09T03:59:59.999999+00:00,95.54,Medium-High,47.0,"Post qualifying resting limit orders during the active window; score depends on size, uptime, and distance from best bid/ask.","Unfilled orders may score, but fills create inventory. Target is about 1000 contracts per market; worst-case contract exposure can approach $1 per filled contract before offsetting exits.",Read-only discovery and paper scoring only; live orders require human approval.,"KXSBUXSAR-26SEP02-T5.08,KXSBUXSAR-26SEP02-T5.09,KXSBUXSAR-26SEP02-T5.10,KXSBUXSAR-26SEP02-T5.11,KXSBUXSAR-26SEP02-T5.12"
2026-08-05T04:27:53.003248+00:00,2026-08-05T04:27:53.003233+00:00,KXPOPCHICKSAND-26SEP02,liquidity,other,6,1200.0000,200.0000,1000.00,2026-08-09T03:59:59.999999+00:00,95.54,Medium-High,47.0,"Post qualifying resting limit orders during the active window; score depends on size, uptime, and distance from best bid/ask.","Unfilled orders may score, but fills create inventory. Target is about 1000 contracts per market; worst-case contract exposure can approach $1 per filled contract before offsetting exits.",Read-only discovery and paper scoring only; live orders require human approval.,"KXPOPCHICKSAND-26SEP02-T5.67,KXPOPCHICKSAND-26SEP02-T5.68,KXPOPCHICKSAND-26SEP02-T5.69,KXPOPCHICKSAND-26SEP02-T5.70,KXPOPCHICKSAND-26SEP02-T5.71"
2026-08-05T04:27:53.003248+00:00,2026-08-05T04:27:53.003233+00:00,KXCBDECISIONINDIA-26OCT07,liquidity,other,5,1000.0000,200.0000,1000.00,2026-08-09T03:59:59.999999+00:00,95.54,Medium-High,47.0,"Post qualifying resting limit orders during the active window; score depends on size, uptime, and distance from best bid/ask.","Unfilled orders may score, but fills create inventory. Target is about 1000 contracts per market; worst-case contract exposure can approach $1 per filled contract before offsetting exits.",Read-only discovery and paper scoring only; live orders require human approval.,"KXCBDECISIONINDIA-26OCT07-C25,KXCBDECISIONINDIA-26OCT07-C25P,KXCBDECISIONINDIA-26OCT07-H25,KXCBDECISIONINDIA-26OCT07-H25P,KXCBDECISIONINDIA-26OCT07-HOLD"
2026-08-05T04:27:53.003248+00:00,2026-08-05T04:27:53.003233+00:00,KXDDCOLDBREW-26SEP02,liquidity,other,5,1000.0000,200.0000,1000.00,2026-08-09T03:59:59.999999+00:00,95.54,Medium-High,47.0,"Post qualifying resting limit orders during the active window; score depends on size, uptime, and distance from best bid/ask.","Unfilled orders may score, but fills create inventory. Target is about 1000 contracts per market; worst-case contract exposure can approach $1 per filled contract before offsetting exits.",Read-only discovery and paper scoring only; live orders require human approval.,"KXDDCOLDBREW-26SEP02-T4.44,KXDDCOLDBREW-26SEP02-T4.45,KXDDCOLDBREW-26SEP02-T4.46,KXDDCOLDBREW-26SEP02-T4.47,KXDDCOLDBREW-26SEP02-T4.48"
2026-08-05T04:27:53.003248+00:00,2026-08-05T04:27:53.003233+00:00,KXTOPMODEL-26AUG10,liquidity,other,5,1000.0000,200.0000,1000.00,2026-08-09T03:59:59.999999+00:00,95.54,Medium-High,47.0,"Post qualifying resting limit orders during the active window; score depends on size, uptime, and distance from best bid/ask.","Unfilled orders may score, but fills create inventory. Target is about 1000 contracts per market; worst-case contract exposure can approach $1 per filled contract before offsetting exits.",Read-only discovery and paper scoring only; live orders require human approval.,"KXTOPMODEL-26AUG10-CLAU5,KXTOPMODEL-26AUG10-CLAU7,KXTOPMODEL-26AUG10-CLAUF,KXTOPMODEL-26AUG10-CLAUM,KXTOPMODEL-26AUG10-CLAUT"
2026-08-05T04:27:53.003248+00:00,2026-08-05T04:27:53.003233+00:00,KXDCGOLFVISITCOUNT-26AUG,liquidity,other,5,1000.0000,200.0000,1000.00,2026-08-09T03:59:59.999999+00:00,95.54,Medium-High,47.0,"Post qualifying resting limit orders during the active window; score depends on size, uptime, and distance from best bid/ask.","Unfilled orders may score, but fills create inventory. Target is about 1000 contracts per market; worst-case contract exposure can approach $1 per filled contract before offsetting exits.",Read-only discovery and paper scoring only; live orders require human approval.,"KXDCGOLFVISITCOUNT-26AUG-0,KXDCGOLFVISITCOUNT-26AUG-1,KXDCGOLFVISITCOUNT-26AUG-2,KXDCGOLFVISITCOUNT-26AUG-3,KXDCGOLFVISITCOUNT-26AUG-4"
2026-08-05T04:27:53.003248+00:00,2026-08-05T04:27:53.003233+00:00,KXCAC40-26AUG31,liquidity,other,5,1000.0000,200.0000,1000.00,2026-08-09T03:59:59.999999+00:00,95.54,Medium-High,47.0,"Post qualifying resting limit orders during the active window; score depends on size, uptime, and distance from best bid/ask.","Unfilled orders may score, but fills create inventory. Target is about 1000 contracts per market; worst-case contract exposure can approach $1 per filled contract before offsetting exits.",Read-only discovery and paper scoring only; live orders require human approval.,"KXCAC40-26AUG31-8650,KXCAC40-26AUG31-8700,KXCAC40-26AUG31-8750,KXCAC40-26AUG31-8800,KXCAC40-26AUG31-8850"
2026-08-05T04:27:53.003248+00:00,2026-08-05T04:27:53.003233+00:00,KXPIRROOUT-26AUG,liquidity,other,3,300.0000,100.0000,1000.00,2026-08-06T18:50:00+00:00,38.37,Medium-High,46.5,"Post qualifying resting limit orders during the active window; score depends on size, uptime, and distance from best bid/ask.","Unfilled orders may score, but fills create inventory. Target is about 1000 contracts per market; worst-case contract exposure can approach $1 per filled contract before offsetting exits.",Read-only discovery and paper scoring only; live orders require human approval.,"KXPIRROOUT-26AUG-26AUG07,KXPIRROOUT-26AUG-26SEP01,KXPIRROOUT-26AUG-27JAN01"
2026-08-05T04:27:53.003248+00:00,2026-08-05T04:27:53.003233+00:00,KXJOINCLUB-26OCT02JNEVES,liquidity,other,2,200.0000,100.0000,1000.00,2026-08-11T03:59:00+00:00,143.52,Medium-High,46.5,"Post qualifying resting limit orders during the active window; score depends on size, uptime, and distance from best bid/ask.","Unfilled orders may score, but fills create inventory. Target is about 1000 contracts per market; worst-case contract exposure can approach $1 per filled contract before offsetting exits.",Read-only discovery and paper scoring only; live orders require human approval.,"KXJOINCLUB-26OCT02JNEVES-PSG,KXJOINCLUB-26OCT02JNEVES-RMA"
2026-08-05T04:27:53.003248+00:00,2026-08-05T04:27:53.003233+00:00,KXJOINCLUB-26OCT02BGUIMARAES,liquidity,other,2,200.0000,100.0000,1000.00,2026-08-11T03:59:00+00:00,143.52,Medium-High,46.5,"Post qualifying resting limit orders during the active window; score depends on size, uptime, and distance from best bid/ask.","Unfilled orders may score, but fills create inventory. Target is about 1000 contracts per market; worst-case contract exposure can approach $1 per filled contract before offsetting exits.",Read-only discovery and paper scoring only; live orders require human approval.,"KXJOINCLUB-26OCT02BGUIMARAES-ARS,KXJOINCLUB-26OCT02BGUIMARAES-NEW"
2026-08-05T04:27:53.003248+00:00,2026-08-05T04:27:53.003233+00:00,KXATPCOMPETE-26USOALC,liquidity,other,1,100.0000,100.0000,1000.00,2026-08-11T23:16:31.608641+00:00,162.81,Medium-High,46.5,"Post qualifying resting limit orders during the active window; score depends on size, uptime, and distance from best bid/ask.","Unfilled orders may score, but fills create inventory. Target is about 1000 contracts per market; worst-case contract exposure can approach $1 per filled contract before offsetting exits.",Read-only discovery and paper scoring only; live orders require human approval.,KXATPCOMPETE-26USOALC-ALC
2026-08-05T04:27:53.003248+00:00,2026-08-05T04:27:53.003233+00:00,KXGOVTFULLFUND-26AUG,liquidity,politics/policy,7,1015.0000,145.0000,1000.00,2026-08-09T03:59:59.999999+00:00,95.54,Medium-High,46.1,"Post qualifying resting limit orders during the active window; score depends on size, uptime, and distance from best bid/ask.","Unfilled orders may score, but fills create inventory. Target is about 1000 contracts per market; worst-case contract exposure can approach $1 per filled contract before offsetting exits.",Read-only discovery and paper scoring only; live orders require human approval.,"KXGOVTFULLFUND-26AUG-26DEC01,KXGOVTFULLFUND-26AUG-26NOV01,KXGOVTFULLFUND-26AUG-26OCT01,KXGOVTFULLFUND-26AUG-26OCT02,KXGOVTFULLFUND-26AUG-26OCT09"
2026-08-05T04:27:53.003248+00:00,2026-08-05T04:27:53.003233+00:00,KXCFACHICKSAND-26SEP02,liquidity,other,7,1190.0000,170.0000,1000.00,2026-08-09T03:59:59.999999+00:00,95.54,Medium-High,46.0,"Post qualifying resting limit orders during the active window; score depends on size, uptime, and distance from best bid/ask.","Unfilled orders may score, but fills create inventory. Target is about 1000 contracts per market; worst-case contract exposure can approach $1 per filled contract before offsetting exits.",Read-only discovery and paper scoring only; live orders require human approval.,"KXCFACHICKSAND-26SEP02-T5.38,KXCFACHICKSAND-26SEP02-T5.39,KXCFACHICKSAND-26SEP02-T5.40,KXCFACHICKSAND-26SEP02-T5.41,KXCFACHICKSAND-26SEP02-T5.42"
2026-08-05T04:27:53.003248+00:00,2026-08-05T04:27:53.003233+00:00,KXCHIPBURRITO-26SEP02,liquidity,other,6,990.0000,165.0000,1000.00,2026-08-09T03:59:59.999999+00:00,95.54,Medium-High,45.8,"Post qualifying resting limit orders during the active window; score depends on size, uptime, and distance from best bid/ask.","Unfilled orders may score, but fills create inventory. Target is about 1000 contracts per market; worst-case contract exposure can approach $1 per filled contract before offsetting exits.",Read-only discovery and paper scoring only; live orders require human approval.,"KXCHIPBURRITO-26SEP02-T9.77,KXCHIPBURRITO-26SEP02-T9.78,KXCHIPBURRITO-26SEP02-T9.79,KXCHIPBURRITO-26SEP02-T9.80,KXCHIPBURRITO-26SEP02-T9.81"
2026-08-05T04:27:53.003248+00:00,2026-08-05T04:27:53.003233+00:00,KXCBDECISIONMEXICO-26SEP24,liquidity,other,7,1015.0000,145.0000,1000.00,2026-08-09T03:59:59.999999+00:00,95.54,Medium-High,45.1,"Post qualifying resting limit orders during the active window; score depends on size, uptime, and distance from best bid/ask.","Unfilled orders may score, but fills create inventory. Target is about 1000 contracts per market; worst-case contract exposure can approach $1 per filled contract before offsetting exits.",Read-only discovery and paper scoring only; live orders require human approval.,"KXCBDECISIONMEXICO-26SEP24-C25,KXCBDECISIONMEXICO-26SEP24-C50,KXCBDECISIONMEXICO-26SEP24-C50P,KXCBDECISIONMEXICO-26SEP24-H25P,KXCBDECISIONMEXICO-26SEP24-H50"
2026-08-05T04:27:53.003248+00:00,2026-08-05T04:27:53.003233+00:00,KXCBDECISIONMEXICO-26NOV05,liquidity,other,7,1015.0000,145.0000,1000.00,2026-08-09T03:59:59.999999+00:00,95.54,Medium-High,45.1,"Post qualifying resting limit orders during the active window; score depends on size, uptime, and distance from best bid/ask.","Unfilled orders may score, but fills create inventory. Target is about 1000 contracts per market; worst-case contract exposure can approach $1 per filled contract before offsetting exits.",Read-only discovery and paper scoring only; live orders require human approval.,"KXCBDECISIONMEXICO-26NOV05-C25,KXCBDECISIONMEXICO-26NOV05-C50,KXCBDECISIONMEXICO-26NOV05-C50P,KXCBDECISIONMEXICO-26NOV05-H25P,KXCBDECISIONMEXICO-26NOV05-H50"
2026-08-05T04:27:53.003248+00:00,2026-08-05T04:27:53.003233+00:00,KXCBDECISIONMEXICO-26DEC17,liquidity,other,7,1015.0000,145.0000,1000.00,2026-08-09T03:59:59.999999+00:00,95.54,Medium-High,45.1,"Post qualifying resting limit orders during the active window; score depends on size, uptime, and distance from best bid/ask.","Unfilled orders may score, but fills create inventory. Target is about 1000 contracts per market; worst-case contract exposure can approach $1 per filled contract before offsetting exits.",Read-only discovery and paper scoring only; live orders require human approval.,"KXCBDECISIONMEXICO-26DEC17-C25,KXCBDECISIONMEXICO-26DEC17-C50,KXCBDECISIONMEXICO-26DEC17-C50P,KXCBDECISIONMEXICO-26DEC17-H25P,KXCBDECISIONMEXICO-26DEC17-H50"
2026-08-05T04:27:53.003248+00:00,2026-08-05T04:27:53.003233+00:00,KXCOINA-27FEBMTU,liquidity,other,7,1015.0000,145.0000,1000.00,2026-08-09T03:59:59.999999+00:00,95.54,Medium-High,45.1,"Post qualifying resting limit orders during the active window; score depends on size, uptime, and distance from best bid/ask.","Unfilled orders may score, but fills create inventory. Target is about 1000 contracts per market; worst-case contract exposure can approach $1 per filled contract before offsetting exits.",Read-only discovery and paper scoring only; live orders require human approval.,"KXCOINA-27FEBMTU-6500000.0,KXCOINA-27FEBMTU-7000000.0,KXCOINA-27FEBMTU-7500000.0,KXCOINA-27FEBMTU-8000000.0,KXCOINA-27FEBMTU-8500000.0"
2026-08-05T04:27:53.003248+00:00,2026-08-05T04:27:53.003233+00:00,KXCOINBASE-26NOVMTU,liquidity,other,7,1015.0000,145.0000,1000.00,2026-08-09T03:59:59.999999+00:00,95.54,Medium-High,45.1,"Post qualifying resting limit orders during the active window; score depends on size, uptime, and distance from best bid/ask.","Unfilled orders may score, but fills create inventory. Target is about 1000 contracts per market; worst-case contract exposure can approach $1 per filled contract before offsetting exits.",Read-only discovery and paper scoring only; live orders require human approval.,"KXCOINBASE-26NOVMTU-6500000.0,KXCOINBASE-26NOVMTU-7000000.0,KXCOINBASE-26NOVMTU-7500000.0,KXCOINBASE-26NOVMTU-8000000.0,KXCOINBASE-26NOVMTU-8500000.0"
2026-08-05T04:27:53.003248+00:00,2026-08-05T04:27:53.003233+00:00,KXYUM-26NOVKFCSSS,liquidity,other,7,1015.0000,145.0000,1000.00,2026-08-09T03:59:59.999999+00:00,95.54,Medium-High,45.1,"Post qualifying resting limit orders during the active window; score depends on size, uptime, and distance from best bid/ask.","Unfilled orders may score, but fills create inventory. Target is about 1000 contracts per market; worst-case contract exposure can approach $1 per filled contract before offsetting exits.",Read-only discovery and paper scoring only; live orders require human approval.,"KXYUM-26NOVKFCSSS-0,KXYUM-26NOVKFCSSS-1,KXYUM-26NOVKFCSSS-2,KXYUM-26NOVKFCSSS-3,KXYUM-26NOVKFCSSS-4"
2026-08-05T04:27:53.003248+00:00,2026-08-05T04:27:53.003233+00:00,KXPBRA-27FEBPROD,liquidity,other,7,1015.0000,145.0000,1000.00,2026-08-09T03:59:59.999999+00:00,95.54,Medium-High,45.1,"Post qualifying resting limit orders during the active window; score depends on size, uptime, and distance from best bid/ask.","Unfilled orders may score, but fills create inventory. Target is about 1000 contracts per market; worst-case contract exposure can approach $1 per filled contract before offsetting exits.",Read-only discovery and paper scoring only; live orders require human approval.,"KXPBRA-27FEBPROD-2950,KXPBRA-27FEBPROD-3000,KXPBRA-27FEBPROD-3050,KXPBRA-27FEBPROD-3100,KXPBRA-27FEBPROD-3150"
2026-08-05T04:27:53.003248+00:00,2026-08-05T04:27:53.003233+00:00,KXCBDECISIONBRAZIL-26SEP16,liquidity,other,7,1015.0000,145.0000,1000.00,2026-08-09T03:59:59.999999+00:00,95.54,Medium-High,45.1,"Post qualifying resting limit orders during the active window; score depends on size, uptime, and distance from best bid/ask.","Unfilled orders may score, but fills create inventory. Target is about 1000 contracts per market; worst-case contract exposure can approach $1 per filled contract before offsetting exits.",Read-only discovery and paper scoring only; live orders require human approval.,"KXCBDECISIONBRAZIL-26SEP16-C25,KXCBDECISIONBRAZIL-26SEP16-C50,KXCBDECISIONBRAZIL-26SEP16-C50P,KXCBDECISIONBRAZIL-26SEP16-H25P,KXCBDECISIONBRAZIL-26SEP16-H50"
2026-08-05T04:27:53.003248+00:00,2026-08-05T04:27:53.003233+00:00,KXLULUCC-26SEP07,liquidity,other,7,1015.0000,145.0000,1000.00,2026-08-09T03:59:59.999999+00:00,95.54,Medium-High,45.1,"Post qualifying resting limit orders during the active window; score depends on size, uptime, and distance from best bid/ask.","Unfilled orders may score, but fills create inventory. Target is about 1000 contracts per market; worst-case contract exposure can approach $1 per filled contract before offsetting exits.",Read-only discovery and paper scoring only; live orders require human approval.,"KXLULUCC-26SEP07-T78,KXLULUCC-26SEP07-T80,KXLULUCC-26SEP07-T82,KXLULUCC-26SEP07-T84,KXLULUCC-26SEP07-T86"
2026-08-05T04:27:53.003248+00:00,2026-08-05T04:27:53.003233+00:00,KXGDPNOM-GER26,liquidity,macro/markets,10,250.0000,25.0000,1000.00,2026-08-09T03:59:00+00:00,95.52,Medium-High,44.9,"Post qualifying resting limit orders during the active window; score depends on size, uptime, and distance from best bid/ask.","Unfilled orders may score, but fills create inventory. Target is about 1000 contracts per market; worst-case contract exposure can approach $1 per filled contract before offsetting exits.",Read-only discovery and paper scoring only; live orders require human approval.,"KXGDPNOM-GER26-4.7,KXGDPNOM-GER26-4.9,KXGDPNOM-GER26-5.1,KXGDPNOM-GER26-5.3,KXGDPNOM-GER26-5.5"
2026-08-05T04:27:53.003248+00:00,2026-08-05T04:27:53.003233+00:00,KXGDPNOM-IND26,liquidity,macro/markets,10,250.0000,25.0000,1000.00,2026-08-09T03:59:00+00:00,95.52,Medium-High,44.9,"Post qualifying resting limit orders during the active window; score depends on size, uptime, and distance from best bid/ask.","Unfilled orders may score, but fills create inventory. Target is about 1000 contracts per market; worst-case contract exposure can approach $1 per filled contract before offsetting exits.",Read-only discovery and paper scoring only; live orders require human approval.,"KXGDPNOM-IND26-4.0,KXGDPNOM-IND26-4.2,KXGDPNOM-IND26-4.4,KXGDPNOM-IND26-4.6,KXGDPNOM-IND26-4.8"
2026-08-05T04:27:53.003248+00:00,2026-08-05T04:27:53.003233+00:00,KXGDP-27JAN28,liquidity,macro/markets,9,225.0000,25.0000,1000.00,2026-08-09T03:59:00+00:00,95.52,Medium-High,44.9,"Post qualifying resting limit orders during the active window; score depends on size, uptime, and distance from best bid/ask.","Unfilled orders may score, but fills create inventory. Target is about 1000 contracts per market; worst-case contract exposure can approach $1 per filled contract before offsetting exits.",Read-only discovery and paper scoring only; live orders require human approval.,"KXGDP-27JAN28-T0.0,KXGDP-27JAN28-T0.5,KXGDP-27JAN28-T1.0,KXGDP-27JAN28-T1.5,KXGDP-27JAN28-T2.0"
2026-08-05T04:27:53.003248+00:00,2026-08-05T04:27:53.003233+00:00,KXGDP-27APR29,liquidity,macro/markets,9,225.0000,25.0000,1000.00,2026-08-09T03:59:00+00:00,95.52,Medium-High,44.9,"Post qualifying resting limit orders during the active window; score depends on size, uptime, and distance from best bid/ask.","Unfilled orders may score, but fills create inventory. Target is about 1000 contracts per market; worst-case contract exposure can approach $1 per filled contract before offsetting exits.",Read-only discovery and paper scoring only; live orders require human approval.,"KXGDP-27APR29-T0.0,KXGDP-27APR29-T0.5,KXGDP-27APR29-T1.0,KXGDP-27APR29-T1.5,KXGDP-27APR29-T2.0"
2026-08-05T04:27:53.003248+00:00,2026-08-05T04:27:53.003233+00:00,KXGDP-27JUL29,liquidity,macro/markets,9,225.0000,25.0000,1000.00,2026-08-09T03:59:00+00:00,95.52,Medium-High,44.9,"Post qualifying resting limit orders during the active window; score depends on size, uptime, and distance from best bid/ask.","Unfilled orders may score, but fills create inventory. Target is about 1000 contracts per market; worst-case contract exposure can approach $1 per filled contract before offsetting exits.",Read-only discovery and paper scoring only; live orders require human approval.,"KXGDP-27JUL29-T0.0,KXGDP-27JUL29-T0.5,KXGDP-27JUL29-T1.0,KXGDP-27JUL29-T1.5,KXGDP-27JUL29-T2.0"
2026-08-05T04:27:53.003248+00:00,2026-08-05T04:27:53.003233+00:00,KXGDP-26OCT30,liquidity,macro/markets,9,225.0000,25.0000,1000.00,2026-08-09T03:59:00+00:00,95.52,Medium-High,44.9,"Post qualifying resting limit orders during the active window; score depends on size, uptime, and distance from best bid/ask.","Unfilled orders may score, but fills create inventory. Target is about 1000 contracts per market; worst-case contract exposure can approach $1 per filled contract before offsetting exits.",Read-only discovery and paper scoring only; live orders require human approval.,"KXGDP-26OCT30-T0.0,KXGDP-26OCT30-T0.5,KXGDP-26OCT30-T1.0,KXGDP-26OCT30-T1.5,KXGDP-26OCT30-T2.0"
2026-08-05T04:27:53.003248+00:00,2026-08-05T04:27:53.003233+00:00,KXCHINAAI-26AUG17,liquidity,other,9,1215.0000,135.0000,1000.00,2026-08-09T03:59:59.999999+00:00,95.54,Medium-High,44.7,"Post qualifying resting limit orders during the active window; score depends on size, uptime, and distance from best bid/ask.","Unfilled orders may score, but fills create inventory. Target is about 1000 contracts per market; worst-case contract exposure can approach $1 per filled contract before offsetting exits.",Read-only discovery and paper scoring only; live orders require human approval.,"KXCHINAAI-26AUG17-ALIB,KXCHINAAI-26AUG17-BAID,KXCHINAAI-26AUG17-BYTE,KXCHINAAI-26AUG17-DEEP,KXCHINAAI-26AUG17-MINI"
2026-08-05T04:27:53.003248+00:00,2026-08-05T04:27:53.003233+00:00,KXHSI-26AUG31,liquidity,other,8,1080.0000,135.0000,1000.00,2026-08-09T03:59:59.999999+00:00,95.54,Medium-High,44.7,"Post qualifying resting limit orders during the active window; score depends on size, uptime, and distance from best bid/ask.","Unfilled orders may score, but fills create inventory. Target is about 1000 contracts per market; worst-case contract exposure can approach $1 per filled contract before offsetting exits.",Read-only discovery and paper scoring only; live orders require human approval.,"KXHSI-26AUG31-26500,KXHSI-26AUG31-27000,KXHSI-26AUG31-27500,KXHSI-26AUG31-28000,KXHSI-26AUG31-28500"
2026-08-05T04:27:53.003248+00:00,2026-08-05T04:27:53.003233+00:00,KXALBUMRELEASEDATE-NEWDON,liquidity,other,6,810.0000,135.0000,1000.00,2026-08-09T03:59:59.999999+00:00,95.54,Medium-High,44.7,"Post qualifying resting limit orders during the active window; score depends on size, uptime, and distance from best bid/ask.","Unfilled orders may score, but fills create inventory. Target is about 1000 contracts per market; worst-case contract exposure can approach $1 per filled contract before offsetting exits.",Read-only discovery and paper scoring only; live orders require human approval.,"KXALBUMRELEASEDATE-NEWDON-26DEC01,KXALBUMRELEASEDATE-NEWDON-27APR01,KXALBUMRELEASEDATE-NEWDON-27AUG01,KXALBUMRELEASEDATE-NEWDON-27FEB01,KXALBUMRELEASEDATE-NEWDON-27JUN01"
2026-08-05T04:27:53.003248+00:00,2026-08-05T04:27:53.003233+00:00,KXALBUMRELEASEDATE-NEWFUTURE,liquidity,other,6,810.0000,135.0000,1000.00,2026-08-09T03:59:59.999999+00:00,95.54,Medium-High,44.7,"Post qualifying resting limit orders during the active window; score depends on size, uptime, and distance from best bid/ask.","Unfilled orders may score, but fills create inventory. Target is about 1000 contracts per market; worst-case contract exposure can approach $1 per filled contract before offsetting exits.",Read-only discovery and paper scoring only; live orders require human approval.,"KXALBUMRELEASEDATE-NEWFUTURE-26DEC01,KXALBUMRELEASEDATE-NEWFUTURE-27APR01,KXALBUMRELEASEDATE-NEWFUTURE-27AUG01,KXALBUMRELEASEDATE-NEWFUTURE-27FEB01,KXALBUMRELEASEDATE-NEWFUTURE-27JUN01"
2026-08-05T04:27:53.003248+00:00,2026-08-05T04:27:53.003233+00:00,KXALBUMRELEASEDATE-NEWTAT,liquidity,other,6,810.0000,135.0000,1000.00,2026-08-09T03:59:59.999999+00:00,95.54,Medium-High,44.7,"Post qualifying resting limit orders during the active window; score depends on size, uptime, and distance from best bid/ask.","Unfilled orders may score, but fills create inventory. Target is about 1000 contracts per market; worst-case contract exposure can approach $1 per filled contract before offsetting exits.",Read-only discovery and paper scoring only; live orders require human approval.,"KXALBUMRELEASEDATE-NEWTAT-26DEC01,KXALBUMRELEASEDATE-NEWTAT-27APR01,KXALBUMRELEASEDATE-NEWTAT-27AUG01,KXALBUMRELEASEDATE-NEWTAT-27FEB01,KXALBUMRELEASEDATE-NEWTAT-27JUN01"
2026-08-05T04:27:53.003248+00:00,2026-08-05T04:27:53.003233+00:00,KXALBUMRELEASEDATE-NEWPIT,liquidity,other,6,810.0000,135.0000,1000.00,2026-08-09T03:59:59.999999+00:00,95.54,Medium-High,44.7,"Post qualifying resting limit orders during the active window; score depends on size, uptime, and distance from best bid/ask.","Unfilled orders may score, but fills create inventory. Target is about 1000 contracts per market; worst-case contract exposure can approach $1 per filled contract before offsetting exits.",Read-only discovery and paper scoring only; live orders require human approval.,"KXALBUMRELEASEDATE-NEWPIT-26DEC01,KXALBUMRELEASEDATE-NEWPIT-26NOV01,KXALBUMRELEASEDATE-NEWPIT-26OCT01,KXALBUMRELEASEDATE-NEWPIT-26SEP01,KXALBUMRELEASEDATE-NEWPIT-27FEB01"
2026-08-05T04:27:53.003248+00:00,2026-08-05T04:27:53.003233+00:00,KXPRIMARYMOV-GOVMNNOMR26-LDEM,liquidity,politics/policy,6,600.0000,100.0000,1000.00,2026-08-09T03:59:59.999999+00:00,95.54,Medium-High,44.5,"Post qualifying resting limit orders during the active window; score depends on size, uptime, and distance from best bid/ask.","Unfilled orders may score, but fills create inventory. Target is about 1000 contracts per market; worst-case contract exposure can approach $1 per filled contract before offsetting exits.",Read-only discovery and paper scoring only; live orders require human approval.,"KXPRIMARYMOV-GOVMNNOMR26-LDEM-P1,KXPRIMARYMOV-GOVMNNOMR26-LDEM-P10,KXPRIMARYMOV-GOVMNNOMR26-LDEM-P13,KXPRIMARYMOV-GOVMNNOMR26-LDEM-P4,KXPRIMARYMOV-GOVMNNOMR26-LDEM-P57"
2026-08-05T04:27:53.003248+00:00,2026-08-05T04:27:53.003233+00:00,KXPRIMARYMOV-GOVMNNOMR26-MLIN,liquidity,politics/policy,6,600.0000,100.0000,1000.00,2026-08-09T03:59:59.999999+00:00,95.54,Medium-High,44.5,"Post qualifying resting limit orders during the active window; score depends on size, uptime, and distance from best bid/ask.","Unfilled orders may score, but fills create inventory. Target is about 1000 contracts per market; worst-case contract exposure can approach $1 per filled contract before offsetting exits.",Read-only discovery and paper scoring only; live orders require human approval.,"KXPRIMARYMOV-GOVMNNOMR26-MLIN-P1,KXPRIMARYMOV-GOVMNNOMR26-MLIN-P10,KXPRIMARYMOV-GOVMNNOMR26-MLIN-P13,KXPRIMARYMOV-GOVMNNOMR26-MLIN-P4,KXPRIMARYMOV-GOVMNNOMR26-MLIN-P57"
2026-08-05T04:27:53.003248+00:00,2026-08-05T04:27:53.003233+00:00,KXAMZN-26OCTEMP,liquidity,other,8,1000.0000,125.0000,1000.00,2026-08-09T03:59:59.999999+00:00,95.54,Medium-High,44.4,"Post qualifying resting limit orders during the active window; score depends on size, uptime, and distance from best bid/ask.","Unfilled orders may score, but fills create inventory. Target is about 1000 contracts per market; worst-case contract exposure can approach $1 per filled contract before offsetting exits.",Read-only discovery and paper scoring only; live orders require human approval.,"KXAMZN-26OCTEMP-1540000.0,KXAMZN-26OCTEMP-1560000.0,KXAMZN-26OCTEMP-1580000.0,KXAMZN-26OCTEMP-1600000.0,KXAMZN-26OCTEMP-1620000.0"
2026-08-05T04:27:53.003248+00:00,2026-08-05T04:27:53.003233+00:00,KXMAR-26OCTROOMS,liquidity,other,8,1000.0000,125.0000,1000.00,2026-08-09T03:59:59.999999+00:00,95.54,Medium-High,44.4,"Post qualifying resting limit orders during the active window; score depends on size, uptime, and distance from best bid/ask.","Unfilled orders may score, but fills create inventory. Target is about 1000 contracts per market; worst-case contract exposure can approach $1 per filled contract before offsetting exits.",Read-only discovery and paper scoring only; live orders require human approval.,"KXMAR-26OCTROOMS-1820000.0,KXMAR-26OCTROOMS-1825000.0,KXMAR-26OCTROOMS-1830000.0,KXMAR-26OCTROOMS-1835000.0,KXMAR-26OCTROOMS-1840000.0"
2026-08-05T04:27:53.003248+00:00,2026-08-05T04:27:53.003233+00:00,KXMO-26OCTCIGSHIP,liquidity,other,8,1000.0000,125.0000,1000.00,2026-08-09T03:59:59.999999+00:00,95.54,Medium-High,44.4,"Post qualifying resting limit orders during the active window; score depends on size, uptime, and distance from best bid/ask.","Unfilled orders may score, but fills create inventory. Target is about 1000 contracts per market; worst-case contract exposure can approach $1 per filled contract before offsetting exits.",Read-only discovery and paper scoring only; live orders require human approval.,"KXMO-26OCTCIGSHIP-14000000000.0,KXMO-26OCTCIGSHIP-14250000000.0,KXMO-26OCTCIGSHIP-14500000000.0,KXMO-26OCTCIGSHIP-14750000000.0,KXMO-26OCTCIGSHIP-15000000000.0"
2026-08-05T04:27:53.003248+00:00,2026-08-05T04:27:53.003233+00:00,KXHOOD-26NOVECVOL,liquidity,other,8,1000.0000,125.0000,1000.00,2026-08-09T03:59:59.999999+00:00,95.54,Medium-High,44.4,"Post qualifying resting limit orders during the active window; score depends on size, uptime, and distance from best bid/ask.","Unfilled orders may score, but fills create inventory. Target is about 1000 contracts per market; worst-case contract exposure can approach $1 per filled contract before offsetting exits.",Read-only discovery and paper scoring only; live orders require human approval.,"KXHOOD-26NOVECVOL-10000000000,KXHOOD-26NOVECVOL-12000000000,KXHOOD-26NOVECVOL-14000000000,KXHOOD-26NOVECVOL-16000000000,KXHOOD-26NOVECVOL-18000000000"
2026-08-05T04:27:53.003248+00:00,2026-08-05T04:27:53.003233+00:00,KXYUM-26NOVTBSSS,liquidity,other,8,1000.0000,125.0000,1000.00,2026-08-09T03:59:59.999999+00:00,95.54,Medium-High,44.4,"Post qualifying resting limit orders during the active window; score depends on size, uptime, and distance from best bid/ask.","Unfilled orders may score, but fills create inventory. Target is about 1000 contracts per market; worst-case contract exposure can approach $1 per filled contract before offsetting exits.",Read-only discovery and paper scoring only; live orders require human approval.,"KXYUM-26NOVTBSSS-10,KXYUM-26NOVTBSSS-3,KXYUM-26NOVTBSSS-4,KXYUM-26NOVTBSSS-5,KXYUM-26NOVTBSSS-6"
2026-08-05T04:27:53.003248+00:00,2026-08-05T04:27:53.003233+00:00,KXTBCRUNCHWRAP-26SEP02,liquidity,other,8,1000.0000,125.0000,1000.00,2026-08-09T03:59:59.999999+00:00,95.54,Medium-High,44.4,"Post qualifying resting limit orders during the active window; score depends on size, uptime, and distance from best bid/ask.","Unfilled orders may score, but fills create inventory. Target is about 1000 contracts per market; worst-case contract exposure can approach $1 per filled contract before offsetting exits.",Read-only discovery and paper scoring only; live orders require human approval.,"KXTBCRUNCHWRAP-26SEP02-T6.68,KXTBCRUNCHWRAP-26SEP02-T6.69,KXTBCRUNCHWRAP-26SEP02-T6.70,KXTBCRUNCHWRAP-26SEP02-T6.71,KXTBCRUNCHWRAP-26SEP02-T6.72"
2026-08-05T04:27:53.003248+00:00,2026-08-05T04:27:53.003233+00:00,KXFEATURE-26PRI,liquidity,other,8,1000.0000,125.0000,1000.00,2026-08-09T03:59:59.999999+00:00,95.54,Medium-High,44.4,"Post qualifying resting limit orders during the active window; score depends on size, uptime, and distance from best bid/ask.","Unfilled orders may score, but fills create inventory. Target is about 1000 contracts per market; worst-case contract exposure can approach $1 per filled contract before offsetting exits.",Read-only discovery and paper scoring only; live orders require human approval.,"KXFEATURE-26PRI-100,KXFEATURE-26PRI-ADD,KXFEATURE-26PRI-CHA,KXFEATURE-26PRI-CHR,KXFEATURE-26PRI-DEM"
2026-08-05T04:27:53.003248+00:00,2026-08-05T04:27:53.003233+00:00,KXISMPMI-26AUG,liquidity,other,8,1000.0000,125.0000,1000.00,2026-08-09T03:59:59.999999+00:00,95.54,Medium-High,44.4,"Post qualifying resting limit orders during the active window; score depends on size, uptime, and distance from best bid/ask.","Unfilled orders may score, but fills create inventory. Target is about 1000 contracts per market; worst-case contract exposure can approach $1 per filled contract before offsetting exits.",Read-only discovery and paper scoring only; live orders require human approval.,"KXISMPMI-26AUG-52,KXISMPMI-26AUG-53,KXISMPMI-26AUG-54,KXISMPMI-26AUG-55,KXISMPMI-26AUG-56"
2026-08-05T04:27:53.003248+00:00,2026-08-05T04:27:53.003233+00:00,KXMAXSHIPSHORMUZ-26AUG31,liquidity,other,8,1000.0000,125.0000,1000.00,2026-08-09T03:59:59.999999+00:00,95.54,Medium-High,44.4,"Post qualifying resting limit orders during the active window; score depends on size, uptime, and distance from best bid/ask.","Unfilled orders may score, but fills create inventory. Target is about 1000 contracts per market; worst-case contract exposure can approach $1 per filled contract before offsetting exits.",Read-only discovery and paper scoring only; live orders require human approval.,"KXMAXSHIPSHORMUZ-26AUG31-AL100,KXMAXSHIPSHORMUZ-26AUG31-AL30,KXMAXSHIPSHORMUZ-26AUG31-AL40,KXMAXSHIPSHORMUZ-26AUG31-AL50,KXMAXSHIPSHORMUZ-26AUG31-AL60"
2026-08-05T04:27:53.003248+00:00,2026-08-05T04:27:53.003233+00:00,KXPRIMARYMOV-MIPRIMARY07D26-WLAW,liquidity,other,8,1000.0000,125.0000,1000.00,2026-08-09T03:59:59.999999+00:00,95.54,Medium-High,44.4,"Post qualifying resting limit orders during the active window; score depends on size, uptime, and distance from best bid/ask.","Unfilled orders may score, but fills create inventory. Target is about 1000 contracts per market; worst-case contract exposure can approach $1 per filled contract before offsetting exits.",Read-only discovery and paper scoring only; live orders require human approval.,"KXPRIMARYMOV-MIPRIMARY07D26-WLAW-P51,KXPRIMARYMOV-MIPRIMARY07D26-WLAW-P53,KXPRIMARYMOV-MIPRIMARY07D26-WLAW-P54,KXPRIMARYMOV-MIPRIMARY07D26-WLAW-P56,KXPRIMARYMOV-MIPRIMARY07D26-WLAW-P57"
2026-08-05T04:27:53.003248+00:00,2026-08-05T04:27:53.003233+00:00,KXPOCHETTINOOUT-30,liquidity,other,1,200.0000,200.0000,1000.00,2026-08-19T03:59:00+00:00,335.52,Medium-High,44.0,"Post qualifying resting limit orders during the active window; score depends on size, uptime, and distance from best bid/ask.","Unfilled orders may score, but fills create inventory. Target is about 1000 contracts per market; worst-case contract exposure can approach $1 per filled contract before offsetting exits.",Read-only discovery and paper scoring only; live orders require human approval.,KXPOCHETTINOOUT-30-Y
2026-08-05T04:27:53.003248+00:00,2026-08-05T04:27:53.003233+00:00,KXNFLCOMPETE-ADON27FEB,liquidity,other,1,200.0000,200.0000,1000.00,2026-08-16T03:59:00+00:00,263.52,Medium-High,44.0,"Post qualifying resting limit orders during the active window; score depends on size, uptime, and distance from best bid/ask.","Unfilled orders may score, but fills create inventory. Target is about 1000 contracts per market; worst-case contract exposure can approach $1 per filled contract before offsetting exits.",Read-only discovery and paper scoring only; live orders require human approval.,KXNFLCOMPETE-ADON27FEB-Y
2026-08-05T04:27:53.003248+00:00,2026-08-05T04:27:53.003233+00:00,KXGPT-ASTRA,liquidity,other,7,805.0000,115.0000,1000.00,2026-08-09T03:59:59.999999+00:00,95.54,Medium-High,44.0,"Post qualifying resting limit orders during the active window; score depends on size, uptime, and distance from best bid/ask.","Unfilled orders may score, but fills create inventory. Target is about 1000 contracts per market; worst-case contract exposure can approach $1 per filled contract before offsetting exits.",Read-only discovery and paper scoring only; live orders require human approval.,"KXGPT-ASTRA-26AUG21,KXGPT-ASTRA-26DEC01,KXGPT-ASTRA-26NOV01,KXGPT-ASTRA-26OCT01,KXGPT-ASTRA-26OCT16"
2026-08-05T04:27:53.003248+00:00,2026-08-05T04:27:53.003233+00:00,KXSG-26NOVMARGIN,liquidity,other,9,990.0000,110.0000,1000.00,2026-08-09T03:59:59.999999+00:00,95.54,Medium-High,43.9,"Post qualifying resting limit orders during the active window; score depends on size, uptime, and distance from best bid/ask.","Unfilled orders may score, but fills create inventory. Target is about 1000 contracts per market; worst-case contract exposure can approach $1 per filled contract before offsetting exits.",Read-only discovery and paper scoring only; live orders require human approval.,"KXSG-26NOVMARGIN-10,KXSG-26NOVMARGIN-11,KXSG-26NOVMARGIN-12,KXSG-26NOVMARGIN-13,KXSG-26NOVMARGIN-14"
2026-08-05T04:27:53.003248+00:00,2026-08-05T04:27:53.003233+00:00,KXLOWA-27FEBCOMP,liquidity,other,9,990.0000,110.0000,1000.00,2026-08-09T03:59:59.999999+00:00,95.54,Medium-High,43.9,"Post qualifying resting limit orders during the active window; score depends on size, uptime, and distance from best bid/ask.","Unfilled orders may score, but fills create inventory. Target is about 1000 contracts per market; worst-case contract exposure can approach $1 per filled contract before offsetting exits.",Read-only discovery and paper scoring only; live orders require human approval.,"KXLOWA-27FEBCOMP-0.0,KXLOWA-27FEBCOMP-0.5,KXLOWA-27FEBCOMP-1.0,KXLOWA-27FEBCOMP-1.5,KXLOWA-27FEBCOMP-2.0"
2026-08-05T04:27:53.003248+00:00,2026-08-05T04:27:53.003233+00:00,KXANFCC-26SEP07,liquidity,other,9,990.0000,110.0000,1000.00,2026-08-09T03:59:59.999999+00:00,95.54,Medium-High,43.9,"Post qualifying resting limit orders during the active window; score depends on size, uptime, and distance from best bid/ask.","Unfilled orders may score, but fills create inventory. Target is about 1000 contracts per market; worst-case contract exposure can approach $1 per filled contract before offsetting exits.",Read-only discovery and paper scoring only; live orders require human approval.,"KXANFCC-26SEP07-T100,KXANFCC-26SEP07-T102,KXANFCC-26SEP07-T104,KXANFCC-26SEP07-T106,KXANFCC-26SEP07-T108"
2026-08-05T04:27:53.003248+00:00,2026-08-05T04:27:53.003233+00:00,KXLOWCC-26SEP07,liquidity,other,9,990.0000,110.0000,1000.00,2026-08-09T03:59:59.999999+00:00,95.54,Medium-High,43.9,"Post qualifying resting limit orders during the active window; score depends on size, uptime, and distance from best bid/ask.","Unfilled orders may score, but fills create inventory. Target is about 1000 contracts per market; worst-case contract exposure can approach $1 per filled contract before offsetting exits.",Read-only discovery and paper scoring only; live orders require human approval.,"KXLOWCC-26SEP07-T100,KXLOWCC-26SEP07-T101,KXLOWCC-26SEP07-T102,KXLOWCC-26SEP07-T94,KXLOWCC-26SEP07-T95"
2026-08-05T04:27:53.003248+00:00,2026-08-05T04:27:53.003233+00:00,KXSHEINCC-26SEP07,liquidity,other,9,990.0000,110.0000,1000.00,2026-08-09T03:59:59.999999+00:00,95.54,Medium-High,43.9,"Post qualifying resting limit orders during the active window; score depends on size, uptime, and distance from best bid/ask.","Unfilled orders may score, but fills create inventory. Target is about 1000 contracts per market; worst-case contract exposure can approach $1 per filled contract before offsetting exits.",Read-only discovery and paper scoring only; live orders require human approval.,"KXSHEINCC-26SEP07-T100,KXSHEINCC-26SEP07-T102,KXSHEINCC-26SEP07-T104,KXSHEINCC-26SEP07-T88,KXSHEINCC-26SEP07-T90"
2026-08-05T04:27:53.003248+00:00,2026-08-05T04:27:53.003233+00:00,KXURBNCC-26SEP07,liquidity,other,9,990.0000,110.0000,1000.00,2026-08-09T03:59:59.999999+00:00,95.54,Medium-High,43.9,"Post qualifying resting limit orders during the active window; score depends on size, uptime, and distance from best bid/ask.","Unfilled orders may score, but fills create inventory. Target is about 1000 contracts per market; worst-case contract exposure can approach $1 per filled contract before offsetting exits.",Read-only discovery and paper scoring only; live orders require human approval.,"KXURBNCC-26SEP07-T100,KXURBNCC-26SEP07-T102,KXURBNCC-26SEP07-T104,KXURBNCC-26SEP07-T106,KXURBNCC-26SEP07-T108"
2026-08-05T04:27:53.003248+00:00,2026-08-05T04:27:53.003233+00:00,KXGREEKPM-27JUL25,liquidity,other,9,990.0000,110.0000,1000.00,2026-08-09T03:59:59.999999+00:00,95.54,Medium-High,43.9,"Post qualifying resting limit orders during the active window; score depends on size, uptime, and distance from best bid/ask.","Unfilled orders may score, but fills create inventory. Target is about 1000 contracts per market; worst-case contract exposure can approach $1 per filled contract before offsetting exits.",Read-only discovery and paper scoring only; live orders require human approval.,"KXGREEKPM-27JUL25-ATSI,KXGREEKPM-27JUL25-KHAT,KXGREEKPM-27JUL25-KMIT,KXGREEKPM-27JUL25-KPIE,KXGREEKPM-27JUL25-KVEL"
2026-08-05T04:27:53.003248+00:00,2026-08-05T04:27:53.003233+00:00,KXFEATURE-26DAY,liquidity,other,9,990.0000,110.0000,1000.00,2026-08-09T03:59:59.999999+00:00,95.54,Medium-High,43.9,"Post qualifying resting limit orders during the active window; score depends on size, uptime, and distance from best bid/ask.","Unfilled orders may score, but fills create inventory. Target is about 1000 contracts per market; worst-case contract exposure can approach $1 per filled contract before offsetting exits.",Read-only discovery and paper scoring only; live orders require human approval.,"KXFEATURE-26DAY-AGC,KXFEATURE-26DAY-BLE,KXFEATURE-26DAY-CHA,KXFEATURE-26DAY-JAP,KXFEATURE-26DAY-LOR"
2026-08-05T04:27:53.003248+00:00,2026-08-05T04:27:53.003233+00:00,KXCHINAAI-26AUG31,liquidity,other,9,990.0000,110.0000,1000.00,2026-08-09T03:59:59.999999+00:00,95.54,Medium-High,43.9,"Post qualifying resting limit orders during the active window; score depends on size, uptime, and distance from best bid/ask.","Unfilled orders may score, but fills create inventory. Target is about 1000 contracts per market; worst-case contract exposure can approach $1 per filled contract before offsetting exits.",Read-only discovery and paper scoring only; live orders require human approval.,"KXCHINAAI-26AUG31-ALIB,KXCHINAAI-26AUG31-BAID,KXCHINAAI-26AUG31-BYTE,KXCHINAAI-26AUG31-DEEP,KXCHINAAI-26AUG31-MINI"
2026-08-05T04:27:53.003248+00:00,2026-08-05T04:27:53.003233+00:00,KXNCLH-26OCTPAX,liquidity,other,10,1000.0000,100.0000,1000.00,2026-08-09T03:59:59.999999+00:00,95.54,Medium-High,43.5,"Post qualifying resting limit orders during the active window; score depends on size, uptime, and distance from best bid/ask.","Unfilled orders may score, but fills create inventory. Target is about 1000 contracts per market; worst-case contract exposure can approach $1 per filled contract before offsetting exits.",Read-only discovery and paper scoring only; live orders require human approval.,"KXNCLH-26OCTPAX-810000,KXNCLH-26OCTPAX-820000,KXNCLH-26OCTPAX-830000,KXNCLH-26OCTPAX-840000,KXNCLH-26OCTPAX-850000"
2026-08-05T04:27:53.003248+00:00,2026-08-05T04:27:53.003233+00:00,KXPLTR-26NOVCUST,liquidity,other,10,1000.0000,100.0000,1000.00,2026-08-09T03:59:59.999999+00:00,95.54,Medium-High,43.5,"Post qualifying resting limit orders during the active window; score depends on size, uptime, and distance from best bid/ask.","Unfilled orders may score, but fills create inventory. Target is about 1000 contracts per market; worst-case contract exposure can approach $1 per filled contract before offsetting exits.",Read-only discovery and paper scoring only; live orders require human approval.,"KXPLTR-26NOVCUST-1060,KXPLTR-26NOVCUST-1070,KXPLTR-26NOVCUST-1080,KXPLTR-26NOVCUST-1090,KXPLTR-26NOVCUST-1100"
2026-08-05T04:27:53.003248+00:00,2026-08-05T04:27:53.003233+00:00,KXMARA-27FEBROOMS,liquidity,other,10,1000.0000,100.0000,1000.00,2026-08-09T03:59:59.999999+00:00,95.54,Medium-High,43.5,"Post qualifying resting limit orders during the active window; score depends on size, uptime, and distance from best bid/ask.","Unfilled orders may score, but fills create inventory. Target is about 1000 contracts per market; worst-case contract exposure can approach $1 per filled contract before offsetting exits.",Read-only discovery and paper scoring only; live orders require human approval.,"KXMARA-27FEBROOMS-1845000.0,KXMARA-27FEBROOMS-1850000.0,KXMARA-27FEBROOMS-1855000.0,KXMARA-27FEBROOMS-1860000.0,KXMARA-27FEBROOMS-1865000.0"
2026-08-05T04:27:53.003248+00:00,2026-08-05T04:27:53.003233+00:00,KXTGTA-27MARCOMP,liquidity,other,10,1000.0000,100.0000,1000.00,2026-08-09T03:59:59.999999+00:00,95.54,Medium-High,43.5,"Post qualifying resting limit orders during the active window; score depends on size, uptime, and distance from best bid/ask.","Unfilled orders may score, but fills create inventory. Target is about 1000 contracts per market; worst-case contract exposure can approach $1 per filled contract before offsetting exits.",Read-only discovery and paper scoring only; live orders require human approval.,"KXTGTA-27MARCOMP-0.5,KXTGTA-27MARCOMP-1.0,KXTGTA-27MARCOMP-1.5,KXTGTA-27MARCOMP-2.0,KXTGTA-27MARCOMP-2.5"
2026-08-05T04:27:53.003248+00:00,2026-08-05T04:27:53.003233+00:00,KXISLEMINISTER-26SEP24,liquidity,other,10,1000.0000,100.0000,1000.00,2026-08-09T03:59:59.999999+00:00,95.54,Medium-High,43.5,"Post qualifying resting limit orders during the active window; score depends on size, uptime, and distance from best bid/ask.","Unfilled orders may score, but fills create inventory. Target is about 1000 contracts per market; worst-case contract exposure can approach $1 per filled contract before offsetting exits.",Read-only discovery and paper scoring only; live orders require human approval.,"KXISLEMINISTER-26SEP24-ACAN,KXISLEMINISTER-26SEP24-CBAR,KXISLEMINISTER-26SEP24-CCHR,KXISLEMINISTER-26SEP24-CTHO,KXISLEMINISTER-26SEP24-DASH"
2026-08-05T04:27:53.003248+00:00,2026-08-05T04:27:53.003233+00:00,KXRT-CLA,liquidity,other,10,1000.0000,100.0000,1000.00,2026-08-09T03:59:59.999999+00:00,95.54,Medium-High,43.5,"Post qualifying resting limit orders during the active window; score depends on size, uptime, and distance from best bid/ask.","Unfilled orders may score, but fills create inventory. Target is about 1000 contracts per market; worst-case contract exposure can approach $1 per filled contract before offsetting exits.",Read-only discovery and paper scoring only; live orders require human approval.,"KXRT-CLA-45,KXRT-CLA-50,KXRT-CLA-55,KXRT-CLA-60,KXRT-CLA-65"
2026-08-05T04:27:53.003248+00:00,2026-08-05T04:27:53.003233+00:00,KXBROSFT-26SEP07,liquidity,other,10,1000.0000,100.0000,1000.00,2026-08-09T03:59:59.999999+00:00,95.54,Medium-High,43.5,"Post qualifying resting limit orders during the active window; score depends on size, uptime, and distance from best bid/ask.","Unfilled orders may score, but fills create inventory. Target is about 1000 contracts per market; worst-case contract exposure can approach $1 per filled contract before offsetting exits.",Read-only discovery and paper scoring only; live orders require human approval.,"KXBROSFT-26SEP07-T100,KXBROSFT-26SEP07-T102,KXBROSFT-26SEP07-T104,KXBROSFT-26SEP07-T106,KXBROSFT-26SEP07-T108"
2026-08-05T04:27:53.003248+00:00,2026-08-05T04:27:53.003233+00:00,KXFEATURE-26AGE,liquidity,other,10,1000.0000,100.0000,1000.00,2026-08-09T03:59:59.999999+00:00,95.54,Medium-High,43.5,"Post qualifying resting limit orders during the active window; score depends on size, uptime, and distance from best bid/ask.","Unfilled orders may score, but fills create inventory. Target is about 1000 contracts per market; worst-case contract exposure can approach $1 per filled contract before offsetting exits.",Read-only discovery and paper scoring only; live orders require human approval.,"KXFEATURE-26AGE-ALI,KXFEATURE-26AGE-BBN,KXFEATURE-26AGE-BIG,KXFEATURE-26AGE-CHA,KXFEATURE-26AGE-COB"
2026-08-05T04:27:53.003248+00:00,2026-08-05T04:27:53.003233+00:00,KXFEATURE-26POP,liquidity,other,10,1000.0000,100.0000,1000.00,2026-08-09T03:59:59.999999+00:00,95.54,Medium-High,43.5,"Post qualifying resting limit orders during the active window; score depends on size, uptime, and distance from best bid/ask.","Unfilled orders may score, but fills create inventory. Target is about 1000 contracts per market; worst-case contract exposure can approach $1 per filled contract before offsetting exits.",Read-only discovery and paper scoring only; live orders require human approval.,"KXFEATURE-26POP-BRI,KXFEATURE-26POP-CHA,KXFEATURE-26POP-CHAN,KXFEATURE-26POP-CHL,KXFEATURE-26POP-DIS"
2026-08-05T04:27:53.003248+00:00,2026-08-05T04:27:53.003233+00:00,KXPRIMARYMOV-FLPRIMARY25D26-JMOS,liquidity,other,10,1000.0000,100.0000,1000.00,2026-08-09T03:59:59.999999+00:00,95.54,Medium-High,43.5,"Post qualifying resting limit orders during the active window; score depends on size, uptime, and distance from best bid/ask.","Unfilled orders may score, but fills create inventory. Target is about 1000 contracts per market; worst-case contract exposure can approach $1 per filled contract before offsetting exits.",Read-only discovery and paper scoring only; live orders require human approval.,"KXPRIMARYMOV-FLPRIMARY25D26-JMOS-P52,KXPRIMARYMOV-FLPRIMARY25D26-JMOS-P55,KXPRIMARYMOV-FLPRIMARY25D26-JMOS-P57,KXPRIMARYMOV-FLPRIMARY25D26-JMOS-P60,KXPRIMARYMOV-FLPRIMARY25D26-JMOS-P62"
2026-08-05T04:27:53.003248+00:00,2026-08-05T04:27:53.003233+00:00,KXYTVIEWSW-DRA26AUG09,liquidity,other,9,900.0000,100.0000,1000.00,2026-08-11T14:00:00+00:00,153.54,Medium-High,43.5,"Post qualifying resting limit orders during the active window; score depends on size, uptime, and distance from best bid/ask.","Unfilled orders may score, but fills create inventory. Target is about 1000 contracts per market; worst-case contract exposure can approach $1 per filled contract before offsetting exits.",Read-only discovery and paper scoring only; live orders require human approval.,"KXYTVIEWSW-DRA26AUG09-11.0M,KXYTVIEWSW-DRA26AUG09-11.25M,KXYTVIEWSW-DRA26AUG09-11.5M,KXYTVIEWSW-DRA26AUG09-11.75M,KXYTVIEWSW-DRA26AUG09-12.0M"
2026-08-05T04:27:53.003248+00:00,2026-08-05T04:27:53.003233+00:00,KXYTVIEWSW-MOR26AUG09,liquidity,other,9,900.0000,100.0000,1000.00,2026-08-11T14:00:00+00:00,153.54,Medium-High,43.5,"Post qualifying resting limit orders during the active window; score depends on size, uptime, and distance from best bid/ask.","Unfilled orders may score, but fills create inventory. Target is about 1000 contracts per market; worst-case contract exposure can approach $1 per filled contract before offsetting exits.",Read-only discovery and paper scoring only; live orders require human approval.,"KXYTVIEWSW-MOR26AUG09-4.0M,KXYTVIEWSW-MOR26AUG09-4.25M,KXYTVIEWSW-MOR26AUG09-4.5M,KXYTVIEWSW-MOR26AUG09-4.75M,KXYTVIEWSW-MOR26AUG09-5.0M"
2026-08-05T04:27:53.003248+00:00,2026-08-05T04:27:53.003233+00:00,KXNOBELPEACE-26,liquidity,other,9,900.0000,100.0000,1000.00,2026-08-09T03:59:00+00:00,95.52,Medium-High,43.5,"Post qualifying resting limit orders during the active window; score depends on size, uptime, and distance from best bid/ask.","Unfilled orders may score, but fills create inventory. Target is about 1000 contracts per market; worst-case contract exposure can approach $1 per filled contract before offsetting exits.",Read-only discovery and paper scoring only; live orders require human approval.,"KXNOBELPEACE-26-CE,KXNOBELPEACE-26-DJT,KXNOBELPEACE-26-DOC,KXNOBELPEACE-26-FRA,KXNOBELPEACE-26-ICJ"
2026-08-05T04:27:53.003248+00:00,2026-08-05T04:27:53.003233+00:00,KXVOTEPRIMARY-SCRSENS26RFRYRFRY,liquidity,other,8,800.0000,100.0000,1000.00,2026-08-09T03:59:59.999999+00:00,95.54,Medium-High,43.5,"Post qualifying resting limit orders during the active window; score depends on size, uptime, and distance from best bid/ask.","Unfilled orders may score, but fills create inventory. Target is about 1000 contracts per market; worst-case contract exposure can approach $1 per filled contract before offsetting exits.",Read-only discovery and paper scoring only; live orders require human approval.,"KXVOTEPRIMARY-SCRSENS26RFRYRFRY-10,KXVOTEPRIMARY-SCRSENS26RFRYRFRY-15,KXVOTEPRIMARY-SCRSENS26RFRYRFRY-20,KXVOTEPRIMARY-SCRSENS26RFRYRFRY-25,KXVOTEPRIMARY-SCRSENS26RFRYRFRY-30"
2026-08-05T04:27:53.003248+00:00,2026-08-05T04:27:53.003233+00:00,KXVOTEPRIMARY-SCRSENS26RNORRNOR,liquidity,other,8,800.0000,100.0000,1000.00,2026-08-09T03:59:59.999999+00:00,95.54,Medium-High,43.5,"Post qualifying resting limit orders during the active window; score depends on size, uptime, and distance from best bid/ask.","Unfilled orders may score, but fills create inventory. Target is about 1000 contracts per market; worst-case contract exposure can approach $1 per filled contract before offsetting exits.",Read-only discovery and paper scoring only; live orders require human approval.,"KXVOTEPRIMARY-SCRSENS26RNORRNOR-10,KXVOTEPRIMARY-SCRSENS26RNORRNOR-15,KXVOTEPRIMARY-SCRSENS26RNORRNOR-20,KXVOTEPRIMARY-SCRSENS26RNORRNOR-25,KXVOTEPRIMARY-SCRSENS26RNORRNOR-30"
2026-08-05T04:27:53.003248+00:00,2026-08-05T04:27:53.003233+00:00,KXYTVIEWSW-JUS26AUG09,liquidity,other,8,800.0000,100.0000,1000.00,2026-08-11T14:00:00+00:00,153.54,Medium-High,43.5,"Post qualifying resting limit orders during the active window; score depends on size, uptime, and distance from best bid/ask.","Unfilled orders may score, but fills create inventory. Target is about 1000 contracts per market; worst-case contract exposure can approach $1 per filled contract before offsetting exits.",Read-only discovery and paper scoring only; live orders require human approval.,"KXYTVIEWSW-JUS26AUG09-15.25M,KXYTVIEWSW-JUS26AUG09-15.5M,KXYTVIEWSW-JUS26AUG09-15.75M,KXYTVIEWSW-JUS26AUG09-16.0M,KXYTVIEWSW-JUS26AUG09-16.25M"
2026-08-05T04:27:53.003248+00:00,2026-08-05T04:27:53.003233+00:00,KXNOBELPEACE-27,liquidity,other,8,800.0000,100.0000,1000.00,2026-08-09T03:59:00+00:00,95.52,Medium-High,43.5,"Post qualifying resting limit orders during the active window; score depends on size, uptime, and distance from best bid/ask.","Unfilled orders may score, but fills create inventory. Target is about 1000 contracts per market; worst-case contract exposure can approach $1 per filled contract before offsetting exits.",Read-only discovery and paper scoring only; live orders require human approval.,"KXNOBELPEACE-27-CPJ,KXNOBELPEACE-27-ICC,KXNOBELPEACE-27-MKUL,KXNOBELPEACE-27-PLEO,KXNOBELPEACE-27-SSHA"
2026-08-05T04:27:53.003248+00:00,2026-08-05T04:27:53.003233+00:00,KXJOINCLUB-26OCT02RODRYGO,liquidity,other,8,800.0000,100.0000,1000.00,2026-08-11T03:59:00+00:00,143.52,Medium-High,43.5,"Post qualifying resting limit orders during the active window; score depends on size, uptime, and distance from best bid/ask.","Unfilled orders may score, but fills create inventory. Target is about 1000 contracts per market; worst-case contract exposure can approach $1 per filled contract before offsetting exits.",Read-only discovery and paper scoring only; live orders require human approval.,"KXJOINCLUB-26OCT02RODRYGO-ARS,KXJOINCLUB-26OCT02RODRYGO-BMU,KXJOINCLUB-26OCT02RODRYGO-CFC,KXJOINCLUB-26OCT02RODRYGO-LFC,KXJOINCLUB-26OCT02RODRYGO-NEW"
2026-08-05T04:27:53.003248+00:00,2026-08-05T04:27:53.003233+00:00,KXYTVIEWSW-ARI26AUG09,liquidity,other,7,700.0000,100.0000,1000.00,2026-08-11T14:00:00+00:00,153.54,Medium-High,43.5,"Post qualifying resting limit orders during the active window; score depends on size, uptime, and distance from best bid/ask.","Unfilled orders may score, but fills create inventory. Target is about 1000 contracts per market; worst-case contract exposure can approach $1 per filled contract before offsetting exits.",Read-only discovery and paper scoring only; live orders require human approval.,"KXYTVIEWSW-ARI26AUG09-16.0M,KXYTVIEWSW-ARI26AUG09-17.0M,KXYTVIEWSW-ARI26AUG09-18.0M,KXYTVIEWSW-ARI26AUG09-19.0M,KXYTVIEWSW-ARI26AUG09-20.0M"
2026-08-05T04:27:53.003248+00:00,2026-08-05T04:27:53.003233+00:00,KXACTBLUETOP-26AUG07,liquidity,other,7,700.0000,100.0000,1000.00,2026-08-07T13:59:00+00:00,57.52,Medium-High,43.5,"Post qualifying resting limit orders during the active window; score depends on size, uptime, and distance from best bid/ask.","Unfilled orders may score, but fills create inventory. Target is about 1000 contracts per market; worst-case contract exposure can approach $1 per filled contract before offsetting exits.",Read-only discovery and paper scoring only; live orders require human approval.,"KXACTBLUETOP-26AUG07-AELS,KXACTBLUETOP-26AUG07-HSTE,KXACTBLUETOP-26AUG07-JOSS,KXACTBLUETOP-26AUG07-JTAL,KXACTBLUETOP-26AUG07-MPEL"
2026-08-05T04:27:53.003248+00:00,2026-08-05T04:27:53.003233+00:00,KXSG-26AUGMARGIN,liquidity,other,7,700.0000,100.0000,1000.00,2026-08-07T03:59:00+00:00,47.52,Medium-High,43.5,"Post qualifying resting limit orders during the active window; score depends on size, uptime, and distance from best bid/ask.","Unfilled orders may score, but fills create inventory. Target is about 1000 contracts per market; worst-case contract exposure can approach $1 per filled contract before offsetting exits.",Read-only discovery and paper scoring only; live orders require human approval.,"KXSG-26AUGMARGIN-10,KXSG-26AUGMARGIN-12,KXSG-26AUGMARGIN-14,KXSG-26AUGMARGIN-15,KXSG-26AUGMARGIN-16"
2026-08-05T04:27:53.003248+00:00,2026-08-05T04:27:53.003233+00:00,KXYTVIEWSW-YOU26AUG09,liquidity,other,6,600.0000,100.0000,1000.00,2026-08-11T14:00:00+00:00,153.54,Medium-High,43.5,"Post qualifying resting limit orders during the active window; score depends on size, uptime, and distance from best bid/ask.","Unfilled orders may score, but fills create inventory. Target is about 1000 contracts per market; worst-case contract exposure can approach $1 per filled contract before offsetting exits.",Read-only discovery and paper scoring only; live orders require human approval.,"KXYTVIEWSW-YOU26AUG09-10.0M,KXYTVIEWSW-YOU26AUG09-11.0M,KXYTVIEWSW-YOU26AUG09-12.0M,KXYTVIEWSW-YOU26AUG09-7.0M,KXYTVIEWSW-YOU26AUG09-8.0M"
2026-08-05T04:27:53.003248+00:00,2026-08-05T04:27:53.003233+00:00,KXPRIMARYMOV-MI13D26-STHA,liquidity,other,6,600.0000,100.0000,1000.00,2026-08-09T03:59:59.999999+00:00,95.54,Medium-High,43.5,"Post qualifying resting limit orders during the active window; score depends on size, uptime, and distance from best bid/ask.","Unfilled orders may score, but fills create inventory. Target is about 1000 contracts per market; worst-case contract exposure can approach $1 per filled contract before offsetting exits.",Read-only discovery and paper scoring only; live orders require human approval.,"KXPRIMARYMOV-MI13D26-STHA-P1,KXPRIMARYMOV-MI13D26-STHA-P10,KXPRIMARYMOV-MI13D26-STHA-P13,KXPRIMARYMOV-MI13D26-STHA-P4,KXPRIMARYMOV-MI13D26-STHA-P57"
2026-08-05T04:27:53.003248+00:00,2026-08-05T04:27:53.003233+00:00,KXPRIMARYMOV-MI13D26-DMCK,liquidity,other,6,600.0000,100.0000,1000.00,2026-08-09T03:59:59.999999+00:00,95.54,Medium-High,43.5,"Post qualifying resting limit orders during the active window; score depends on size, uptime, and distance from best bid/ask.","Unfilled orders may score, but fills create inventory. Target is about 1000 contracts per market; worst-case contract exposure can approach $1 per filled contract before offsetting exits.",Read-only discovery and paper scoring only; live orders require human approval.,"KXPRIMARYMOV-MI13D26-DMCK-P1,KXPRIMARYMOV-MI13D26-DMCK-P10,KXPRIMARYMOV-MI13D26-DMCK-P13,KXPRIMARYMOV-MI13D26-DMCK-P4,KXPRIMARYMOV-MI13D26-DMCK-P57"
2026-08-05T04:27:53.003248+00:00,2026-08-05T04:27:53.003233+00:00,KXYTVIEWSW-BAD26AUG09,liquidity,other,5,500.0000,100.0000,1000.00,2026-08-11T14:00:00+00:00,153.54,Medium-High,43.5,"Post qualifying resting limit orders during the active window; score depends on size, uptime, and distance from best bid/ask.","Unfilled orders may score, but fills create inventory. Target is about 1000 contracts per market; worst-case contract exposure can approach $1 per filled contract before offsetting exits.",Read-only discovery and paper scoring only; live orders require human approval.,"KXYTVIEWSW-BAD26AUG09-25.0M,KXYTVIEWSW-BAD26AUG09-26.0M,KXYTVIEWSW-BAD26AUG09-27.0M,KXYTVIEWSW-BAD26AUG09-28.0M,KXYTVIEWSW-BAD26AUG09-29.0M"
2026-08-05T04:27:53.003248+00:00,2026-08-05T04:27:53.003233+00:00,KXWEN-26AUGUSCOMP,liquidity,other,4,400.0000,100.0000,1000.00,2026-08-08T03:59:00+00:00,71.52,Medium-High,43.5,"Post qualifying resting limit orders during the active window; score depends on size, uptime, and distance from best bid/ask.","Unfilled orders may score, but fills create inventory. Target is about 1000 contracts per market; worst-case contract exposure can approach $1 per filled contract before offsetting exits.",Read-only discovery and paper scoring only; live orders require human approval.,"KXWEN-26AUGUSCOMP-0.0,KXWEN-26AUGUSCOMP-N10.0,KXWEN-26AUGUSCOMP-N5.0,KXWEN-26AUGUSCOMP-N7.5"
2026-08-05T04:27:53.003248+00:00,2026-08-05T04:27:53.003233+00:00,KXJOINCLUB-26OCT02CROMERO,liquidity,other,4,400.0000,100.0000,1000.00,2026-08-11T03:59:00+00:00,143.52,Medium-High,43.5,"Post qualifying resting limit orders during the active window; score depends on size, uptime, and distance from best bid/ask.","Unfilled orders may score, but fills create inventory. Target is about 1000 contracts per market; worst-case contract exposure can approach $1 per filled contract before offsetting exits.",Read-only discovery and paper scoring only; live orders require human approval.,"KXJOINCLUB-26OCT02CROMERO-ATM,KXJOINCLUB-26OCT02CROMERO-BAR,KXJOINCLUB-26OCT02CROMERO-RMA,KXJOINCLUB-26OCT02CROMERO-TOT"
2026-08-05T04:27:53.003248+00:00,2026-08-05T04:27:53.003233+00:00,KXB200WS-26AUG07,liquidity,company/tech,10,150.0000,15.0000,1000.00,2026-08-07T20:00:00+00:00,63.54,Medium-High,43.5,"Post qualifying resting limit orders during the active window; score depends on size, uptime, and distance from best bid/ask.","Unfilled orders may score, but fills create inventory. Target is about 1000 contracts per market; worst-case contract exposure can approach $1 per filled contract before offsetting exits.",Read-only discovery and paper scoring only; live orders require human approval.,"KXB200WS-26AUG07-3.000,KXB200WS-26AUG07-3.500,KXB200WS-26AUG07-4.000,KXB200WS-26AUG07-4.500,KXB200WS-26AUG07-5.000"
2026-08-05T04:27:53.003248+00:00,2026-08-05T04:27:53.003233+00:00,KXRTX5090WS-26AUG07,liquidity,company/tech,6,90.0000,15.0000,1000.00,2026-08-07T20:00:00+00:00,63.54,Medium-High,43.5,"Post qualifying resting limit orders during the active window; score depends on size, uptime, and distance from best bid/ask.","Unfilled orders may score, but fills create inventory. Target is about 1000 contracts per market; worst-case contract exposure can approach $1 per filled contract before offsetting exits.",Read-only discovery and paper scoring only; live orders require human approval.,"KXRTX5090WS-26AUG07-0.25,KXRTX5090WS-26AUG07-0.500,KXRTX5090WS-26AUG07-0.750,KXRTX5090WS-26AUG07-1.000,KXRTX5090WS-26AUG07-1.250"
2026-08-05T04:27:53.003248+00:00,2026-08-05T04:27:53.003233+00:00,KXVOTEPRIMARY-FLPRIMARY25D26OLAROLAR,liquidity,other,9,810.0000,90.0000,1000.00,2026-08-09T03:59:59.999999+00:00,95.54,Medium-High,43.1,"Post qualifying resting limit orders during the active window; score depends on size, uptime, and distance from best bid/ask.","Unfilled orders may score, but fills create inventory. Target is about 1000 contracts per market; worst-case contract exposure can approach $1 per filled contract before offsetting exits.",Read-only discovery and paper scoring only; live orders require human approval.,"KXVOTEPRIMARY-FLPRIMARY25D26OLAROLAR-10,KXVOTEPRIMARY-FLPRIMARY25D26OLAROLAR-15,KXVOTEPRIMARY-FLPRIMARY25D26OLAROLAR-20,KXVOTEPRIMARY-FLPRIMARY25D26OLAROLAR-25,KXVOTEPRIMARY-FLPRIMARY25D26OLAROLAR-30"
2026-08-05T04:27:53.003248+00:00,2026-08-05T04:27:53.003233+00:00,KXGOLD15M-26AUG050030,liquidity,other,1,20.0000,20.0000,300.00,2026-08-05T04:30:00+00:00,0.04,Medium,42.7,"Post qualifying resting limit orders during the active window; score depends on size, uptime, and distance from best bid/ask.","Unfilled orders may score, but fills create inventory. Target is about 300 contracts per market; worst-case contract exposure can approach $1 per filled contract before offsetting exits.",Read-only discovery and paper scoring only; live orders require human approval.,KXGOLD15M-26AUG050030-30
2026-08-05T04:27:53.003248+00:00,2026-08-05T04:27:53.003233+00:00,KXSILVER15M-26AUG050030,liquidity,other,1,20.0000,20.0000,300.00,2026-08-05T04:30:00+00:00,0.04,Medium,42.7,"Post qualifying resting limit orders during the active window; score depends on size, uptime, and distance from best bid/ask.","Unfilled orders may score, but fills create inventory. Target is about 300 contracts per market; worst-case contract exposure can approach $1 per filled contract before offsetting exits.",Read-only discovery and paper scoring only; live orders require human approval.,KXSILVER15M-26AUG050030-30
2026-08-05T04:27:53.003248+00:00,2026-08-05T04:27:53.003233+00:00,KXWTI15M-26AUG050030,liquidity,other,1,20.0000,20.0000,300.00,2026-08-05T04:30:00+00:00,0.04,Medium,42.7,"Post qualifying resting limit orders during the active window; score depends on size, uptime, and distance from best bid/ask.","Unfilled orders may score, but fills create inventory. Target is about 300 contracts per market; worst-case contract exposure can approach $1 per filled contract before offsetting exits.",Read-only discovery and paper scoring only; live orders require human approval.,KXWTI15M-26AUG050030-30
2026-08-05T04:27:53.003248+00:00,2026-08-05T04:27:53.003233+00:00,KXGDPNOM-US26,liquidity,macro/markets,21,525.0000,25.0000,1000.00,2026-08-09T03:59:00+00:00,95.52,High,41.9,"Post qualifying resting limit orders during the active window; score depends on size, uptime, and distance from best bid/ask.","Unfilled orders may score, but fills create inventory. Target is about 1000 contracts per market; worst-case contract exposure can approach $1 per filled contract before offsetting exits.",Read-only discovery and paper scoring only; live orders require human approval.,"KXGDPNOM-US26-29.0,KXGDPNOM-US26-29.2,KXGDPNOM-US26-29.4,KXGDPNOM-US26-29.6,KXGDPNOM-US26-29.8"
2026-08-05T04:27:53.003248+00:00,2026-08-05T04:27:53.003233+00:00,KXGDPNOM-CHN26,liquidity,macro/markets,16,400.0000,25.0000,1000.00,2026-08-09T03:59:00+00:00,95.52,Medium-High,41.9,"Post qualifying resting limit orders during the active window; score depends on size, uptime, and distance from best bid/ask.","Unfilled orders may score, but fills create inventory. Target is about 1000 contracts per market; worst-case contract exposure can approach $1 per filled contract before offsetting exits.",Read-only discovery and paper scoring only; live orders require human approval.,"KXGDPNOM-CHN26-19.2,KXGDPNOM-CHN26-19.4,KXGDPNOM-CHN26-19.6,KXGDPNOM-CHN26-19.8,KXGDPNOM-CHN26-20.0"
2026-08-05T04:27:53.003248+00:00,2026-08-05T04:27:53.003233+00:00,KXGDPNOM-JAP26,liquidity,macro/markets,15,375.0000,25.0000,1000.00,2026-08-09T03:59:00+00:00,95.52,Medium-High,41.9,"Post qualifying resting limit orders during the active window; score depends on size, uptime, and distance from best bid/ask.","Unfilled orders may score, but fills create inventory. Target is about 1000 contracts per market; worst-case contract exposure can approach $1 per filled contract before offsetting exits.",Read-only discovery and paper scoring only; live orders require human approval.,"KXGDPNOM-JAP26-4.0,KXGDPNOM-JAP26-4.1,KXGDPNOM-JAP26-4.2,KXGDPNOM-JAP26-4.3,KXGDPNOM-JAP26-4.4"
2026-08-05T04:27:53.003248+00:00,2026-08-05T04:27:53.003233+00:00,KXGDPYEAR-32,liquidity,macro/markets,14,350.0000,25.0000,1000.00,2026-08-10T03:59:00+00:00,119.52,Medium-High,41.9,"Post qualifying resting limit orders during the active window; score depends on size, uptime, and distance from best bid/ask.","Unfilled orders may score, but fills create inventory. Target is about 1000 contracts per market; worst-case contract exposure can approach $1 per filled contract before offsetting exits.",Read-only discovery and paper scoring only; live orders require human approval.,"KXGDPYEAR-32-B0.3,KXGDPYEAR-32-B0.8,KXGDPYEAR-32-B1.3,KXGDPYEAR-32-B1.8,KXGDPYEAR-32-B2.3"
2026-08-05T04:27:53.003248+00:00,2026-08-05T04:27:53.003233+00:00,KXGDPYEAR-34,liquidity,macro/markets,14,350.0000,25.0000,1000.00,2026-08-10T03:59:00+00:00,119.52,Medium-High,41.9,"Post qualifying resting limit orders during the active window; score depends on size, uptime, and distance from best bid/ask.","Unfilled orders may score, but fills create inventory. Target is about 1000 contracts per market; worst-case contract exposure can approach $1 per filled contract before offsetting exits.",Read-only discovery and paper scoring only; live orders require human approval.,"KXGDPYEAR-34-B0.3,KXGDPYEAR-34-B0.8,KXGDPYEAR-34-B1.3,KXGDPYEAR-34-B1.8,KXGDPYEAR-34-B2.3"
2026-08-05T04:27:53.003248+00:00,2026-08-05T04:27:53.003233+00:00,KXGDPYEAR-36,liquidity,macro/markets,14,350.0000,25.0000,1000.00,2026-08-10T03:59:00+00:00,119.52,Medium-High,41.9,"Post qualifying resting limit orders during the active window; score depends on size, uptime, and distance from best bid/ask.","Unfilled orders may score, but fills create inventory. Target is about 1000 contracts per market; worst-case contract exposure can approach $1 per filled contract before offsetting exits.",Read-only discovery and paper scoring only; live orders require human approval.,"KXGDPYEAR-36-B0.3,KXGDPYEAR-36-B0.8,KXGDPYEAR-36-B1.3,KXGDPYEAR-36-B1.8,KXGDPYEAR-36-B2.3"
2026-08-05T04:27:53.003248+00:00,2026-08-05T04:27:53.003233+00:00,KXGDPYEAR-35,liquidity,macro/markets,14,350.0000,25.0000,1000.00,2026-08-10T03:59:00+00:00,119.52,Medium-High,41.9,"Post qualifying resting limit orders during the active window; score depends on size, uptime, and distance from best bid/ask.","Unfilled orders may score, but fills create inventory. Target is about 1000 contracts per market; worst-case contract exposure can approach $1 per filled contract before offsetting exits.",Read-only discovery and paper scoring only; live orders require human approval.,"KXGDPYEAR-35-B0.3,KXGDPYEAR-35-B0.8,KXGDPYEAR-35-B1.3,KXGDPYEAR-35-B1.8,KXGDPYEAR-35-B2.3"
2026-08-05T04:27:53.003248+00:00,2026-08-05T04:27:53.003233+00:00,KXGDPYEAR-31,liquidity,macro/markets,14,350.0000,25.0000,1000.00,2026-08-10T03:59:00+00:00,119.52,Medium-High,41.9,"Post qualifying resting limit orders during the active window; score depends on size, uptime, and distance from best bid/ask.","Unfilled orders may score, but fills create inventory. Target is about 1000 contracts per market; worst-case contract exposure can approach $1 per filled contract before offsetting exits.",Read-only discovery and paper scoring only; live orders require human approval.,"KXGDPYEAR-31-B0.3,KXGDPYEAR-31-B0.8,KXGDPYEAR-31-B1.3,KXGDPYEAR-31-B1.8,KXGDPYEAR-31-B2.3"
2026-08-05T04:27:53.003248+00:00,2026-08-05T04:27:53.003233+00:00,KXGDPYEAR-33,liquidity,macro/markets,14,350.0000,25.0000,1000.00,2026-08-10T03:59:00+00:00,119.52,Medium-High,41.9,"Post qualifying resting limit orders during the active window; score depends on size, uptime, and distance from best bid/ask.","Unfilled orders may score, but fills create inventory. Target is about 1000 contracts per market; worst-case contract exposure can approach $1 per filled contract before offsetting exits.",Read-only discovery and paper scoring only; live orders require human approval.,"KXGDPYEAR-33-B0.3,KXGDPYEAR-33-B0.8,KXGDPYEAR-33-B1.3,KXGDPYEAR-33-B1.8,KXGDPYEAR-33-B2.3"
2026-08-05T04:27:53.003248+00:00,2026-08-05T04:27:53.003233+00:00,KXGDPNOM-FRA26,liquidity,macro/markets,14,350.0000,25.0000,1000.00,2026-08-09T03:59:00+00:00,95.52,Medium-High,41.9,"Post qualifying resting limit orders during the active window; score depends on size, uptime, and distance from best bid/ask.","Unfilled orders may score, but fills create inventory. Target is about 1000 contracts per market; worst-case contract exposure can approach $1 per filled contract before offsetting exits.",Read-only discovery and paper scoring only; live orders require human approval.,"KXGDPNOM-FRA26-3.2,KXGDPNOM-FRA26-3.3,KXGDPNOM-FRA26-3.4,KXGDPNOM-FRA26-3.5,KXGDPNOM-FRA26-3.6"
2026-08-05T04:27:53.003248+00:00,2026-08-05T04:27:53.003233+00:00,KXGDPYEAR-26,liquidity,macro/markets,14,350.0000,25.0000,1000.00,2026-08-09T03:59:00+00:00,95.52,Medium-High,41.9,"Post qualifying resting limit orders during the active window; score depends on size, uptime, and distance from best bid/ask.","Unfilled orders may score, but fills create inventory. Target is about 1000 contracts per market; worst-case contract exposure can approach $1 per filled contract before offsetting exits.",Read-only discovery and paper scoring only; live orders require human approval.,"KXGDPYEAR-26-B0.3,KXGDPYEAR-26-B0.8,KXGDPYEAR-26-B1.3,KXGDPYEAR-26-B1.8,KXGDPYEAR-26-B2.3"
2026-08-05T04:27:53.003248+00:00,2026-08-05T04:27:53.003233+00:00,KXGDPYEAR-28,liquidity,macro/markets,14,350.0000,25.0000,1000.00,2026-08-09T03:59:00+00:00,95.52,Medium-High,41.9,"Post qualifying resting limit orders during the active window; score depends on size, uptime, and distance from best bid/ask.","Unfilled orders may score, but fills create inventory. Target is about 1000 contracts per market; worst-case contract exposure can approach $1 per filled contract before offsetting exits.",Read-only discovery and paper scoring only; live orders require human approval.,"KXGDPYEAR-28-B0.3,KXGDPYEAR-28-B0.8,KXGDPYEAR-28-B1.3,KXGDPYEAR-28-B1.8,KXGDPYEAR-28-B2.3"
2026-08-05T04:27:53.003248+00:00,2026-08-05T04:27:53.003233+00:00,KXGDPYEAR-29,liquidity,macro/markets,14,350.0000,25.0000,1000.00,2026-08-09T03:59:00+00:00,95.52,Medium-High,41.9,"Post qualifying resting limit orders during the active window; score depends on size, uptime, and distance from best bid/ask.","Unfilled orders may score, but fills create inventory. Target is about 1000 contracts per market; worst-case contract exposure can approach $1 per filled contract before offsetting exits.",Read-only discovery and paper scoring only; live orders require human approval.,"KXGDPYEAR-29-B0.3,KXGDPYEAR-29-B0.8,KXGDPYEAR-29-B1.3,KXGDPYEAR-29-B1.8,KXGDPYEAR-29-B2.3"
2026-08-05T04:27:53.003248+00:00,2026-08-05T04:27:53.003233+00:00,KXGDPYEAR-30,liquidity,macro/markets,14,350.0000,25.0000,1000.00,2026-08-09T03:59:00+00:00,95.52,Medium-High,41.9,"Post qualifying resting limit orders during the active window; score depends on size, uptime, and distance from best bid/ask.","Unfilled orders may score, but fills create inventory. Target is about 1000 contracts per market; worst-case contract exposure can approach $1 per filled contract before offsetting exits.",Read-only discovery and paper scoring only; live orders require human approval.,"KXGDPYEAR-30-B0.3,KXGDPYEAR-30-B0.8,KXGDPYEAR-30-B1.3,KXGDPYEAR-30-B1.8,KXGDPYEAR-30-B2.3"
2026-08-05T04:27:53.003248+00:00,2026-08-05T04:27:53.003233+00:00,KXGDPYEAR-27,liquidity,macro/markets,14,350.0000,25.0000,1000.00,2026-08-09T03:59:00+00:00,95.52,Medium-High,41.9,"Post qualifying resting limit orders during the active window; score depends on size, uptime, and distance from best bid/ask.","Unfilled orders may score, but fills create inventory. Target is about 1000 contracts per market; worst-case contract exposure can approach $1 per filled contract before offsetting exits.",Read-only discovery and paper scoring only; live orders require human approval.,"KXGDPYEAR-27-B0.3,KXGDPYEAR-27-B0.8,KXGDPYEAR-27-B1.3,KXGDPYEAR-27-B1.8,KXGDPYEAR-27-B2.3"
2026-08-05T04:27:53.003248+00:00,2026-08-05T04:27:53.003233+00:00,KXUSCPIYEAR-28FEB01,liquidity,macro/markets,13,325.0000,25.0000,1000.00,2026-08-11T03:59:00+00:00,143.52,Medium-High,41.9,"Post qualifying resting limit orders during the active window; score depends on size, uptime, and distance from best bid/ask.","Unfilled orders may score, but fills create inventory. Target is about 1000 contracts per market; worst-case contract exposure can approach $1 per filled contract before offsetting exits.",Read-only discovery and paper scoring only; live orders require human approval.,"KXUSCPIYEAR-28FEB01-T0.0,KXUSCPIYEAR-28FEB01-T0.5,KXUSCPIYEAR-28FEB01-T1.0,KXUSCPIYEAR-28FEB01-T1.5,KXUSCPIYEAR-28FEB01-T2.0"
2026-08-05T04:27:53.003248+00:00,2026-08-05T04:27:53.003233+00:00,KXUSCPIYEAR-32FEB01,liquidity,macro/markets,13,325.0000,25.0000,1000.00,2026-08-11T03:59:00+00:00,143.52,Medium-High,41.9,"Post qualifying resting limit orders during the active window; score depends on size, uptime, and distance from best bid/ask.","Unfilled orders may score, but fills create inventory. Target is about 1000 contracts per market; worst-case contract exposure can approach $1 per filled contract before offsetting exits.",Read-only discovery and paper scoring only; live orders require human approval.,"KXUSCPIYEAR-32FEB01-T0.0,KXUSCPIYEAR-32FEB01-T0.5,KXUSCPIYEAR-32FEB01-T1.0,KXUSCPIYEAR-32FEB01-T1.5,KXUSCPIYEAR-32FEB01-T2.0"
2026-08-05T04:27:53.003248+00:00,2026-08-05T04:27:53.003233+00:00,KXUSCPIYEAR-30FEB01,liquidity,macro/markets,13,325.0000,25.0000,1000.00,2026-08-11T03:59:00+00:00,143.52,Medium-High,41.9,"Post qualifying resting limit orders during the active window; score depends on size, uptime, and distance from best bid/ask.","Unfilled orders may score, but fills create inventory. Target is about 1000 contracts per market; worst-case contract exposure can approach $1 per filled contract before offsetting exits.",Read-only discovery and paper scoring only; live orders require human approval.,"KXUSCPIYEAR-30FEB01-T0.0,KXUSCPIYEAR-30FEB01-T0.5,KXUSCPIYEAR-30FEB01-T1.0,KXUSCPIYEAR-30FEB01-T1.5,KXUSCPIYEAR-30FEB01-T2.0"
2026-08-05T04:27:53.003248+00:00,2026-08-05T04:27:53.003233+00:00,KXUSCPIYEAR-34FEB01,liquidity,macro/markets,13,325.0000,25.0000,1000.00,2026-08-11T03:59:00+00:00,143.52,Medium-High,41.9,"Post qualifying resting limit orders during the active window; score depends on size, uptime, and distance from best bid/ask.","Unfilled orders may score, but fills create inventory. Target is about 1000 contracts per market; worst-case contract exposure can approach $1 per filled contract before offsetting exits.",Read-only discovery and paper scoring only; live orders require human approval.,"KXUSCPIYEAR-34FEB01-T0.0,KXUSCPIYEAR-34FEB01-T0.5,KXUSCPIYEAR-34FEB01-T1.0,KXUSCPIYEAR-34FEB01-T1.5,KXUSCPIYEAR-34FEB01-T2.0"
2026-08-05T04:27:53.003248+00:00,2026-08-05T04:27:53.003233+00:00,KXUSCPIYEAR-33FEB01,liquidity,macro/markets,13,325.0000,25.0000,1000.00,2026-08-11T03:59:00+00:00,143.52,Medium-High,41.9,"Post qualifying resting limit orders during the active window; score depends on size, uptime, and distance from best bid/ask.","Unfilled orders may score, but fills create inventory. Target is about 1000 contracts per market; worst-case contract exposure can approach $1 per filled contract before offsetting exits.",Read-only discovery and paper scoring only; live orders require human approval.,"KXUSCPIYEAR-33FEB01-T0.0,KXUSCPIYEAR-33FEB01-T0.5,KXUSCPIYEAR-33FEB01-T1.0,KXUSCPIYEAR-33FEB01-T1.5,KXUSCPIYEAR-33FEB01-T2.0"
2026-08-05T04:27:53.003248+00:00,2026-08-05T04:27:53.003233+00:00,KXUSCPIYEAR-35FEB01,liquidity,macro/markets,13,325.0000,25.0000,1000.00,2026-08-11T03:59:00+00:00,143.52,Medium-High,41.9,"Post qualifying resting limit orders during the active window; score depends on size, uptime, and distance from best bid/ask.","Unfilled orders may score, but fills create inventory. Target is about 1000 contracts per market; worst-case contract exposure can approach $1 per filled contract before offsetting exits.",Read-only discovery and paper scoring only; live orders require human approval.,"KXUSCPIYEAR-35FEB01-T0.0,KXUSCPIYEAR-35FEB01-T0.5,KXUSCPIYEAR-35FEB01-T1.0,KXUSCPIYEAR-35FEB01-T1.5,KXUSCPIYEAR-35FEB01-T2.0"
2026-08-05T04:27:53.003248+00:00,2026-08-05T04:27:53.003233+00:00,KXUSCPIYEAR-29FEB01,liquidity,macro/markets,13,325.0000,25.0000,1000.00,2026-08-11T03:59:00+00:00,143.52,Medium-High,41.9,"Post qualifying resting limit orders during the active window; score depends on size, uptime, and distance from best bid/ask.","Unfilled orders may score, but fills create inventory. Target is about 1000 contracts per market; worst-case contract exposure can approach $1 per filled contract before offsetting exits.",Read-only discovery and paper scoring only; live orders require human approval.,"KXUSCPIYEAR-29FEB01-T0.0,KXUSCPIYEAR-29FEB01-T0.5,KXUSCPIYEAR-29FEB01-T1.0,KXUSCPIYEAR-29FEB01-T1.5,KXUSCPIYEAR-29FEB01-T2.0"
2026-08-05T04:27:53.003248+00:00,2026-08-05T04:27:53.003233+00:00,KXUSCPIYEAR-36FEB01,liquidity,macro/markets,13,325.0000,25.0000,1000.00,2026-08-11T03:59:00+00:00,143.52,Medium-High,41.9,"Post qualifying resting limit orders during the active window; score depends on size, uptime, and distance from best bid/ask.","Unfilled orders may score, but fills create inventory. Target is about 1000 contracts per market; worst-case contract exposure can approach $1 per filled contract before offsetting exits.",Read-only discovery and paper scoring only; live orders require human approval.,"KXUSCPIYEAR-36FEB01-T0.0,KXUSCPIYEAR-36FEB01-T0.5,KXUSCPIYEAR-36FEB01-T1.0,KXUSCPIYEAR-36FEB01-T1.5,KXUSCPIYEAR-36FEB01-T2.0"
2026-08-05T04:27:53.003248+00:00,2026-08-05T04:27:53.003233+00:00,KXUSCPIYEAR-37FEB01,liquidity,macro/markets,13,325.0000,25.0000,1000.00,2026-08-11T03:59:00+00:00,143.52,Medium-High,41.9,"Post qualifying resting limit orders during the active window; score depends on size, uptime, and distance from best bid/ask.","Unfilled orders may score, but fills create inventory. Target is about 1000 contracts per market; worst-case contract exposure can approach $1 per filled contract before offsetting exits.",Read-only discovery and paper scoring only; live orders require human approval.,"KXUSCPIYEAR-37FEB01-T0.0,KXUSCPIYEAR-37FEB01-T0.5,KXUSCPIYEAR-37FEB01-T1.0,KXUSCPIYEAR-37FEB01-T1.5,KXUSCPIYEAR-37FEB01-T2.0"
2026-08-05T04:27:53.003248+00:00,2026-08-05T04:27:53.003233+00:00,KXUSCPIYEAR-31FEB01,liquidity,macro/markets,13,325.0000,25.0000,1000.00,2026-08-11T03:59:00+00:00,143.52,Medium-High,41.9,"Post qualifying resting limit orders during the active window; score depends on size, uptime, and distance from best bid/ask.","Unfilled orders may score, but fills create inventory. Target is about 1000 contracts per market; worst-case contract exposure can approach $1 per filled contract before offsetting exits.",Read-only discovery and paper scoring only; live orders require human approval.,"KXUSCPIYEAR-31FEB01-T0.0,KXUSCPIYEAR-31FEB01-T0.5,KXUSCPIYEAR-31FEB01-T1.0,KXUSCPIYEAR-31FEB01-T1.5,KXUSCPIYEAR-31FEB01-T2.0"
2026-08-05T04:27:53.003248+00:00,2026-08-05T04:27:53.003233+00:00,KXGDPNOM-UK26,liquidity,macro/markets,12,300.0000,25.0000,1000.00,2026-08-09T03:59:00+00:00,95.52,Medium-High,41.9,"Post qualifying resting limit orders during the active window; score depends on size, uptime, and distance from best bid/ask.","Unfilled orders may score, but fills create inventory. Target is about 1000 contracts per market; worst-case contract exposure can approach $1 per filled contract before offsetting exits.",Read-only discovery and paper scoring only; live orders require human approval.,"KXGDPNOM-UK26-3.4,KXGDPNOM-UK26-3.5,KXGDPNOM-UK26-3.6,KXGDPNOM-UK26-3.7,KXGDPNOM-UK26-3.8"
2026-08-05T04:27:53.003248+00:00,2026-08-05T04:27:53.003233+00:00,KXGDPNOM-AUS26,liquidity,macro/markets,12,300.0000,25.0000,1000.00,2026-08-09T03:59:00+00:00,95.52,Medium-High,41.9,"Post qualifying resting limit orders during the active window; score depends on size, uptime, and distance from best bid/ask.","Unfilled orders may score, but fills create inventory. Target is about 1000 contracts per market; worst-case contract exposure can approach $1 per filled contract before offsetting exits.",Read-only discovery and paper scoring only; live orders require human approval.,"KXGDPNOM-AUS26-1.6,KXGDPNOM-AUS26-1.7,KXGDPNOM-AUS26-1.8,KXGDPNOM-AUS26-1.9,KXGDPNOM-AUS26-2.0"
2026-08-05T04:27:53.003248+00:00,2026-08-05T04:27:53.003233+00:00,KXGDPNOM-BRA26,liquidity,macro/markets,12,300.0000,25.0000,1000.00,2026-08-09T03:59:00+00:00,95.52,Medium-High,41.9,"Post qualifying resting limit orders during the active window; score depends on size, uptime, and distance from best bid/ask.","Unfilled orders may score, but fills create inventory. Target is about 1000 contracts per market; worst-case contract exposure can approach $1 per filled contract before offsetting exits.",Read-only discovery and paper scoring only; live orders require human approval.,"KXGDPNOM-BRA26-2.1,KXGDPNOM-BRA26-2.2,KXGDPNOM-BRA26-2.3,KXGDPNOM-BRA26-2.4,KXGDPNOM-BRA26-2.5"
2026-08-05T04:27:53.003248+00:00,2026-08-05T04:27:53.003233+00:00,KXGDPNOM-MEX26,liquidity,macro/markets,12,300.0000,25.0000,1000.00,2026-08-09T03:59:00+00:00,95.52,Medium-High,41.9,"Post qualifying resting limit orders during the active window; score depends on size, uptime, and distance from best bid/ask.","Unfilled orders may score, but fills create inventory. Target is about 1000 contracts per market; worst-case contract exposure can approach $1 per filled contract before offsetting exits.",Read-only discovery and paper scoring only; live orders require human approval.,"KXGDPNOM-MEX26-1.6,KXGDPNOM-MEX26-1.7,KXGDPNOM-MEX26-1.8,KXGDPNOM-MEX26-1.9,KXGDPNOM-MEX26-2.0"
2026-08-05T04:27:53.003248+00:00,2026-08-05T04:27:53.003233+00:00,KXGDPNOM-RUS26,liquidity,macro/markets,12,300.0000,25.0000,1000.00,2026-08-09T03:59:00+00:00,95.52,Medium-High,41.9,"Post qualifying resting limit orders during the active window; score depends on size, uptime, and distance from best bid/ask.","Unfilled orders may score, but fills create inventory. Target is about 1000 contracts per market; worst-case contract exposure can approach $1 per filled contract before offsetting exits.",Read-only discovery and paper scoring only; live orders require human approval.,"KXGDPNOM-RUS26-2.2,KXGDPNOM-RUS26-2.3,KXGDPNOM-RUS26-2.4,KXGDPNOM-RUS26-2.5,KXGDPNOM-RUS26-2.6"
2026-08-05T04:27:53.003248+00:00,2026-08-05T04:27:53.003233+00:00,KXGDPNOM-CAN26,liquidity,macro/markets,12,300.0000,25.0000,1000.00,2026-08-09T03:59:00+00:00,95.52,Medium-High,41.9,"Post qualifying resting limit orders during the active window; score depends on size, uptime, and distance from best bid/ask.","Unfilled orders may score, but fills create inventory. Target is about 1000 contracts per market; worst-case contract exposure can approach $1 per filled contract before offsetting exits.",Read-only discovery and paper scoring only; live orders require human approval.,"KXGDPNOM-CAN26-2.1,KXGDPNOM-CAN26-2.2,KXGDPNOM-CAN26-2.3,KXGDPNOM-CAN26-2.4,KXGDPNOM-CAN26-2.5"
2026-08-05T04:27:53.003248+00:00,2026-08-05T04:27:53.003233+00:00,KXDIESELW-26AUG09,liquidity,other,21,2520.0000,120.0000,1000.00,2026-08-09T03:59:59.999999+00:00,95.54,High,41.2,"Post qualifying resting limit orders during the active window; score depends on size, uptime, and distance from best bid/ask.","Unfilled orders may score, but fills create inventory. Target is about 1000 contracts per market; worst-case contract exposure can approach $1 per filled contract before offsetting exits.",Read-only discovery and paper scoring only; live orders require human approval.,"KXDIESELW-26AUG09-T5.16,KXDIESELW-26AUG09-T5.18,KXDIESELW-26AUG09-T5.20,KXDIESELW-26AUG09-T5.22,KXDIESELW-26AUG09-T5.24"
2026-08-05T04:27:53.003248+00:00,2026-08-05T04:27:53.003233+00:00,KXEURUSDAW-26AUG07,liquidity,other,20,2400.0000,120.0000,1000.00,2026-08-07T21:00:00+00:00,64.54,High,41.2,"Post qualifying resting limit orders during the active window; score depends on size, uptime, and distance from best bid/ask.","Unfilled orders may score, but fills create inventory. Target is about 1000 contracts per market; worst-case contract exposure can approach $1 per filled contract before offsetting exits.",Read-only discovery and paper scoring only; live orders require human approval.,"KXEURUSDAW-26AUG07-1.1310,KXEURUSDAW-26AUG07-1.1330,KXEURUSDAW-26AUG07-1.1350,KXEURUSDAW-26AUG07-1.1370,KXEURUSDAW-26AUG07-1.1390"
2026-08-05T04:27:53.003248+00:00,2026-08-05T04:27:53.003233+00:00,KXRUT-26AUG31,liquidity,other,13,1560.0000,120.0000,1000.00,2026-08-09T03:59:59.999999+00:00,95.54,Medium-High,41.2,"Post qualifying resting limit orders during the active window; score depends on size, uptime, and distance from best bid/ask.","Unfilled orders may score, but fills create inventory. Target is about 1000 contracts per market; worst-case contract exposure can approach $1 per filled contract before offsetting exits.",Read-only discovery and paper scoring only; live orders require human approval.,"KXRUT-26AUG31-3000,KXRUT-26AUG31-3050,KXRUT-26AUG31-3100,KXRUT-26AUG31-3150,KXRUT-26AUG31-3200"
2026-08-05T04:27:53.003248+00:00,2026-08-05T04:27:53.003233+00:00,KXBKNUGGETS-26SEP02,liquidity,other,12,1440.0000,120.0000,1000.00,2026-08-09T03:59:59.999999+00:00,95.54,Medium-High,41.2,"Post qualifying resting limit orders during the active window; score depends on size, uptime, and distance from best bid/ask.","Unfilled orders may score, but fills create inventory. Target is about 1000 contracts per market; worst-case contract exposure can approach $1 per filled contract before offsetting exits.",Read-only discovery and paper scoring only; live orders require human approval.,"KXBKNUGGETS-26SEP02-T3.47,KXBKNUGGETS-26SEP02-T3.48,KXBKNUGGETS-26SEP02-T3.49,KXBKNUGGETS-26SEP02-T3.50,KXBKNUGGETS-26SEP02-T3.51"
2026-08-05T04:27:53.003248+00:00,2026-08-05T04:27:53.003233+00:00,KXDXYDUD-26AUG04,liquidity,other,1,285.0000,285.0000,1000.00,2026-08-05T17:58:00+00:00,13.50,Medium-High,41.0,"Post qualifying resting limit orders during the active window; score depends on size, uptime, and distance from best bid/ask.","Unfilled orders may score, but fills create inventory. Target is about 1000 contracts per market; worst-case contract exposure can approach $1 per filled contract before offsetting exits.",Read-only discovery and paper scoring only; live orders require human approval.,KXDXYDUD-26AUG04-T99.7284
2026-08-05T04:27:53.003248+00:00,2026-08-05T04:27:53.003233+00:00,KXVOTEPRIMARY-SENATEMID26AELSAELS,liquidity,politics/policy,25,2000.0000,80.0000,1000.00,2026-08-09T03:59:59.999999+00:00,95.54,High,40.8,"Post qualifying resting limit orders during the active window; score depends on size, uptime, and distance from best bid/ask.","Unfilled orders may score, but fills create inventory. Target is about 1000 contracts per market; worst-case contract exposure can approach $1 per filled contract before offsetting exits.",Read-only discovery and paper scoring only; live orders require human approval.,"KXVOTEPRIMARY-SENATEMID26AELSAELS-40,KXVOTEPRIMARY-SENATEMID26AELSAELS-41,KXVOTEPRIMARY-SENATEMID26AELSAELS-42,KXVOTEPRIMARY-SENATEMID26AELSAELS-43,KXVOTEPRIMARY-SENATEMID26AELSAELS-44"
2026-08-05T04:27:53.003248+00:00,2026-08-05T04:27:53.003233+00:00,KXBOND-30,liquidity,other,24,2400.0000,100.0000,1000.00,2026-08-09T03:59:00+00:00,95.52,High,40.5,"Post qualifying resting limit orders during the active window; score depends on size, uptime, and distance from best bid/ask.","Unfilled orders may score, but fills create inventory. Target is about 1000 contracts per market; worst-case contract exposure can approach $1 per filled contract before offsetting exits.",Read-only discovery and paper scoring only; live orders require human approval.,"KXBOND-30-AP,KXBOND-30-ATJ,KXBOND-30-CAL,KXBOND-30-CHARL,KXBOND-30-CIL"
2026-08-05T04:27:53.003248+00:00,2026-08-05T04:27:53.003233+00:00,KXTOPMOVIE-26AUG06,liquidity,other,20,2000.0000,100.0000,1000.00,2026-08-08T14:00:00+00:00,81.54,High,40.5,"Post qualifying resting limit orders during the active window; score depends on size, uptime, and distance from best bid/ask.","Unfilled orders may score, but fills create inventory. Target is about 1000 contracts per market; worst-case contract exposure can approach $1 per filled contract before offsetting exits.",Read-only discovery and paper scoring only; live orders require human approval.,"KXTOPMOVIE-26AUG06-72HOURS,KXTOPMOVIE-26AUG06-ATOXICL,KXTOPMOVIE-26AUG06-AVATARA,KXTOPMOVIE-26AUG06-DESIRE,KXTOPMOVIE-26AUG06-ELIZESH"
2026-08-05T04:27:53.003248+00:00,2026-08-05T04:27:53.003233+00:00,KXROLEINPRODUCTIONDOOMSDAY,liquidity,other,19,1900.0000,100.0000,1000.00,2026-08-09T03:59:00+00:00,95.52,Medium-High,40.5,"Post qualifying resting limit orders during the active window; score depends on size, uptime, and distance from best bid/ask.","Unfilled orders may score, but fills create inventory. Target is about 1000 contracts per market; worst-case contract exposure can approach $1 per filled contract before offsetting exits.",Read-only discovery and paper scoring only; live orders require human approval.,"KXROLEINPRODUCTIONDOOMSDAY-AND,KXROLEINPRODUCTIONDOOMSDAY-BEN,KXROLEINPRODUCTIONDOOMSDAY-BENE,KXROLEINPRODUCTIONDOOMSDAY-BRI,KXROLEINPRODUCTIONDOOMSDAY-DON"
2026-08-05T04:27:53.003248+00:00,2026-08-05T04:27:53.003233+00:00,KXFSLR-26OCTMWSOLD,liquidity,other,18,1800.0000,100.0000,1000.00,2026-08-09T03:59:59.999999+00:00,95.54,Medium-High,40.5,"Post qualifying resting limit orders during the active window; score depends on size, uptime, and distance from best bid/ask.","Unfilled orders may score, but fills create inventory. Target is about 1000 contracts per market; worst-case contract exposure can approach $1 per filled contract before offsetting exits.",Read-only discovery and paper scoring only; live orders require human approval.,"KXFSLR-26OCTMWSOLD-3700,KXFSLR-26OCTMWSOLD-3800,KXFSLR-26OCTMWSOLD-3900,KXFSLR-26OCTMWSOLD-4000,KXFSLR-26OCTMWSOLD-4100"
2026-08-05T04:27:53.003248+00:00,2026-08-05T04:27:53.003233+00:00,KXAAAGASW-26AUG10,liquidity,other,18,1800.0000,100.0000,1000.00,2026-08-10T03:59:00+00:00,119.52,Medium-High,40.5,"Post qualifying resting limit orders during the active window; score depends on size, uptime, and distance from best bid/ask.","Unfilled orders may score, but fills create inventory. Target is about 1000 contracts per market; worst-case contract exposure can approach $1 per filled contract before offsetting exits.",Read-only discovery and paper scoring only; live orders require human approval.,"KXAAAGASW-26AUG10-3.940,KXAAAGASW-26AUG10-3.960,KXAAAGASW-26AUG10-3.980,KXAAAGASW-26AUG10-4.000,KXAAAGASW-26AUG10-4.020"
2026-08-05T04:27:53.003248+00:00,2026-08-05T04:27:53.003233+00:00,KXEARNINGSMENTIONLYFT-26AUG06,liquidity,other,18,1800.0000,100.0000,1000.00,2026-08-07T03:59:00+00:00,47.52,Medium-High,40.5,"Post qualifying resting limit orders during the active window; score depends on size, uptime, and distance from best bid/ask.","Unfilled orders may score, but fills create inventory. Target is about 1000 contracts per market; worst-case contract exposure can approach $1 per filled contract before offsetting exits.",Read-only discovery and paper scoring only; live orders require human approval.,"KXEARNINGSMENTIONLYFT-26AUG06-ANTH,KXEARNINGSMENTIONLYFT-26AUG06-BAID,KXEARNINGSMENTIONLYFT-26AUG06-COMP,KXEARNINGSMENTIONLYFT-26AUG06-DOOR,KXEARNINGSMENTIONLYFT-26AUG06-EXPA"
2026-08-05T04:27:53.003248+00:00,2026-08-05T04:27:53.003233+00:00,KXEARNINGSMENTIONDKNG-26AUG07,liquidity,other,17,1700.0000,100.0000,1000.00,2026-08-08T03:59:00+00:00,71.52,Medium-High,40.5,"Post qualifying resting limit orders during the active window; score depends on size, uptime, and distance from best bid/ask.","Unfilled orders may score, but fills create inventory. Target is about 1000 contracts per market; worst-case contract exposure can approach $1 per filled contract before offsetting exits.",Read-only discovery and paper scoring only; live orders require human approval.,"KXEARNINGSMENTIONDKNG-26AUG07-ALB,KXEARNINGSMENTIONDKNG-26AUG07-COMB,KXEARNINGSMENTIONDKNG-26AUG07-COMP,KXEARNINGSMENTIONDKNG-26AUG07-ESPN,KXEARNINGSMENTIONDKNG-26AUG07-EXPA"
2026-08-05T04:27:53.003248+00:00,2026-08-05T04:27:53.003233+00:00,KXEARNINGSMENTIONNBIS-26AUG06,liquidity,other,17,1700.0000,100.0000,1000.00,2026-08-07T03:59:00+00:00,47.52,Medium-High,40.5,"Post qualifying resting limit orders during the active window; score depends on size, uptime, and distance from best bid/ask.","Unfilled orders may score, but fills create inventory. Target is about 1000 contracts per market; worst-case contract exposure can approach $1 per filled contract before offsetting exits.",Read-only discovery and paper scoring only; live orders require human approval.,"KXEARNINGSMENTIONNBIS-26AUG06-AETH,KXEARNINGSMENTIONNBIS-26AUG06-BLAC,KXEARNINGSMENTIONNBIS-26AUG06-CASH,KXEARNINGSMENTIONNBIS-26AUG06-CLIC,KXEARNINGSMENTIONNBIS-26AUG06-CONV"
2026-08-05T04:27:53.003248+00:00,2026-08-05T04:27:53.003233+00:00,KXRACE-26NOVSHIP,liquidity,other,16,1600.0000,100.0000,1000.00,2026-08-09T03:59:59.999999+00:00,95.54,Medium-High,40.5,"Post qualifying resting limit orders during the active window; score depends on size, uptime, and distance from best bid/ask.","Unfilled orders may score, but fills create inventory. Target is about 1000 contracts per market; worst-case contract exposure can approach $1 per filled contract before offsetting exits.",Read-only discovery and paper scoring only; live orders require human approval.,"KXRACE-26NOVSHIP-3225,KXRACE-26NOVSHIP-3250,KXRACE-26NOVSHIP-3275,KXRACE-26NOVSHIP-3300,KXRACE-26NOVSHIP-3325"
2026-08-05T04:27:53.003248+00:00,2026-08-05T04:27:53.003233+00:00,KXFOURSTATESEN-26NOV03,liquidity,other,16,1600.0000,100.0000,1000.00,2026-08-09T03:59:59.999999+00:00,95.54,Medium-High,40.5,"Post qualifying resting limit orders during the active window; score depends on size, uptime, and distance from best bid/ask.","Unfilled orders may score, but fills create inventory. Target is about 1000 contracts per market; worst-case contract exposure can approach $1 per filled contract before offsetting exits.",Read-only discovery and paper scoring only; live orders require human approval.,"KXFOURSTATESEN-26NOV03-FFFF,KXFOURSTATESEN-26NOV03-FFFT,KXFOURSTATESEN-26NOV03-FFTF,KXFOURSTATESEN-26NOV03-FFTT,KXFOURSTATESEN-26NOV03-FTFF"
2026-08-05T04:27:53.003248+00:00,2026-08-05T04:27:53.003233+00:00,KXEARNINGSMENTIONWEN-26AUG07,liquidity,other,16,1600.0000,100.0000,1000.00,2026-08-08T03:59:00+00:00,71.52,Medium-High,40.5,"Post qualifying resting limit orders during the active window; score depends on size, uptime, and distance from best bid/ask.","Unfilled orders may score, but fills create inventory. Target is about 1000 contracts per market; worst-case contract exposure can approach $1 per filled contract before offsetting exits.",Read-only discovery and paper scoring only; live orders require human approval.,"KXEARNINGSMENTIONWEN-26AUG07-APP,KXEARNINGSMENTIONWEN-26AUG07-BACO,KXEARNINGSMENTIONWEN-26AUG07-BIGG,KXEARNINGSMENTIONWEN-26AUG07-CLOS,KXEARNINGSMENTIONWEN-26AUG07-DELI"
2026-08-05T04:27:53.003248+00:00,2026-08-05T04:27:53.003233+00:00,KXJOINCLUB-26OCT02MSALAH,liquidity,other,16,1600.0000,100.0000,1000.00,2026-08-11T03:59:00+00:00,143.52,Medium-High,40.5,"Post qualifying resting limit orders during the active window; score depends on size, uptime, and distance from best bid/ask.","Unfilled orders may score, but fills create inventory. Target is about 1000 contracts per market; worst-case contract exposure can approach $1 per filled contract before offsetting exits.",Read-only discovery and paper scoring only; live orders require human approval.,"KXJOINCLUB-26OCT02MSALAH-AAS,KXJOINCLUB-26OCT02MSALAH-ALN,KXJOINCLUB-26OCT02MSALAH-ATM,KXJOINCLUB-26OCT02MSALAH-BAR,KXJOINCLUB-26OCT02MSALAH-BMU"
2026-08-05T04:27:53.003248+00:00,2026-08-05T04:27:53.003233+00:00,KXCAVAFT-26SEP07,liquidity,other,15,1500.0000,100.0000,1000.00,2026-08-09T03:59:59.999999+00:00,95.54,Medium-High,40.5,"Post qualifying resting limit orders during the active window; score depends on size, uptime, and distance from best bid/ask.","Unfilled orders may score, but fills create inventory. Target is about 1000 contracts per market; worst-case contract exposure can approach $1 per filled contract before offsetting exits.",Read-only discovery and paper scoring only; live orders require human approval.,"KXCAVAFT-26SEP07-T100,KXCAVAFT-26SEP07-T101,KXCAVAFT-26SEP07-T102,KXCAVAFT-26SEP07-T103,KXCAVAFT-26SEP07-T104"
2026-08-05T04:27:53.003248+00:00,2026-08-05T04:27:53.003233+00:00,KXUST10AM-26AUG31,liquidity,other,15,1500.0000,100.0000,1000.00,2026-08-09T03:59:59.999999+00:00,95.54,Medium-High,40.5,"Post qualifying resting limit orders during the active window; score depends on size, uptime, and distance from best bid/ask.","Unfilled orders may score, but fills create inventory. Target is about 1000 contracts per market; worst-case contract exposure can approach $1 per filled contract before offsetting exits.",Read-only discovery and paper scoring only; live orders require human approval.,"KXUST10AM-26AUG31-T4.60,KXUST10AM-26AUG31-T4.62,KXUST10AM-26AUG31-T4.64,KXUST10AM-26AUG31-T4.66,KXUST10AM-26AUG31-T4.68"
2026-08-05T04:27:53.003248+00:00,2026-08-05T04:27:53.003233+00:00,KXUST2AM-26AUG31,liquidity,other,15,1500.0000,100.0000,1000.00,2026-08-09T03:59:59.999999+00:00,95.54,Medium-High,40.5,"Post qualifying resting limit orders during the active window; score depends on size, uptime, and distance from best bid/ask.","Unfilled orders may score, but fills create inventory. Target is about 1000 contracts per market; worst-case contract exposure can approach $1 per filled contract before offsetting exits.",Read-only discovery and paper scoring only; live orders require human approval.,"KXUST2AM-26AUG31-T4.15,KXUST2AM-26AUG31-T4.17,KXUST2AM-26AUG31-T4.19,KXUST2AM-26AUG31-T4.21,KXUST2AM-26AUG31-T4.23"
2026-08-05T04:27:53.003248+00:00,2026-08-05T04:27:53.003233+00:00,KXUST30AM-26AUG31,liquidity,other,15,1500.0000,100.0000,1000.00,2026-08-09T03:59:59.999999+00:00,95.54,Medium-High,40.5,"Post qualifying resting limit orders during the active window; score depends on size, uptime, and distance from best bid/ask.","Unfilled orders may score, but fills create inventory. Target is about 1000 contracts per market; worst-case contract exposure can approach $1 per filled contract before offsetting exits.",Read-only discovery and paper scoring only; live orders require human approval.,"KXUST30AM-26AUG31-T5.10,KXUST30AM-26AUG31-T5.12,KXUST30AM-26AUG31-T5.14,KXUST30AM-26AUG31-T5.16,KXUST30AM-26AUG31-T5.18"
2026-08-05T04:27:53.003248+00:00,2026-08-05T04:27:53.003233+00:00,KXUST5AM-26AUG31,liquidity,other,15,1500.0000,100.0000,1000.00,2026-08-09T03:59:59.999999+00:00,95.54,Medium-High,40.5,"Post qualifying resting limit orders during the active window; score depends on size, uptime, and distance from best bid/ask.","Unfilled orders may score, but fills create inventory. Target is about 1000 contracts per market; worst-case contract exposure can approach $1 per filled contract before offsetting exits.",Read-only discovery and paper scoring only; live orders require human approval.,"KXUST5AM-26AUG31-T4.30,KXUST5AM-26AUG31-T4.32,KXUST5AM-26AUG31-T4.34,KXUST5AM-26AUG31-T4.36,KXUST5AM-26AUG31-T4.38"
2026-08-05T04:27:53.003248+00:00,2026-08-05T04:27:53.003233+00:00,KXUST7AM-26AUG31,liquidity,other,15,1500.0000,100.0000,1000.00,2026-08-09T03:59:59.999999+00:00,95.54,Medium-High,40.5,"Post qualifying resting limit orders during the active window; score depends on size, uptime, and distance from best bid/ask.","Unfilled orders may score, but fills create inventory. Target is about 1000 contracts per market; worst-case contract exposure can approach $1 per filled contract before offsetting exits.",Read-only discovery and paper scoring only; live orders require human approval.,"KXUST7AM-26AUG31-T4.45,KXUST7AM-26AUG31-T4.47,KXUST7AM-26AUG31-T4.49,KXUST7AM-26AUG31-T4.51,KXUST7AM-26AUG31-T4.53"
2026-08-05T04:27:53.003248+00:00,2026-08-05T04:27:53.003233+00:00,KXEARNINGSMENTIONLLY-26AUG07,liquidity,other,15,1500.0000,100.0000,1000.00,2026-08-08T03:59:00+00:00,71.52,Medium-High,40.5,"Post qualifying resting limit orders during the active window; score depends on size, uptime, and distance from best bid/ask.","Unfilled orders may score, but fills create inventory. Target is about 1000 contracts per market; worst-case contract exposure can approach $1 per filled contract before offsetting exits.",Read-only discovery and paper scoring only; live orders require human approval.,"KXEARNINGSMENTIONLLY-26AUG07-AI,KXEARNINGSMENTIONLLY-26AUG07-ALZH,KXEARNINGSMENTIONLLY-26AUG07-CHIN,KXEARNINGSMENTIONLLY-26AUG07-FOUN,KXEARNINGSMENTIONLLY-26AUG07-HEAD"
2026-08-05T04:27:53.003248+00:00,2026-08-05T04:27:53.003233+00:00,KXEARNINGSMENTIONCELH-26AUG06,liquidity,other,15,1500.0000,100.0000,1000.00,2026-08-07T03:59:00+00:00,47.52,Medium-High,40.5,"Post qualifying resting limit orders during the active window; score depends on size, uptime, and distance from best bid/ask.","Unfilled orders may score, but fills create inventory. Target is about 1000 contracts per market; worst-case contract exposure can approach $1 per filled contract before offsetting exits.",Read-only discovery and paper scoring only; live orders require human approval.,"KXEARNINGSMENTIONCELH-26AUG06-ALCO,KXEARNINGSMENTIONCELH-26AUG06-COMP,KXEARNINGSMENTIONCELH-26AUG06-ELEC,KXEARNINGSMENTIONCELH-26AUG06-ESSE,KXEARNINGSMENTIONCELH-26AUG06-FEMA"
2026-08-05T04:27:53.003248+00:00,2026-08-05T04:27:53.003233+00:00,KXSGA-27FEBMARGIN,liquidity,other,14,1400.0000,100.0000,1000.00,2026-08-09T03:59:59.999999+00:00,95.54,Medium-High,40.5,"Post qualifying resting limit orders during the active window; score depends on size, uptime, and distance from best bid/ask.","Unfilled orders may score, but fills create inventory. Target is about 1000 contracts per market; worst-case contract exposure can approach $1 per filled contract before offsetting exits.",Read-only discovery and paper scoring only; live orders require human approval.,"KXSGA-27FEBMARGIN-10,KXSGA-27FEBMARGIN-10.5,KXSGA-27FEBMARGIN-11,KXSGA-27FEBMARGIN-11.5,KXSGA-27FEBMARGIN-12"
2026-08-05T04:27:53.003248+00:00,2026-08-05T04:27:53.003233+00:00,KXTEMUCC-26SEP07,liquidity,other,14,1400.0000,100.0000,1000.00,2026-08-09T03:59:59.999999+00:00,95.54,Medium-High,40.5,"Post qualifying resting limit orders during the active window; score depends on size, uptime, and distance from best bid/ask.","Unfilled orders may score, but fills create inventory. Target is about 1000 contracts per market; worst-case contract exposure can approach $1 per filled contract before offsetting exits.",Read-only discovery and paper scoring only; live orders require human approval.,"KXTEMUCC-26SEP07-T100,KXTEMUCC-26SEP07-T102,KXTEMUCC-26SEP07-T104,KXTEMUCC-26SEP07-T106,KXTEMUCC-26SEP07-T108"
2026-08-05T04:27:53.003248+00:00,2026-08-05T04:27:53.003233+00:00,KXSGFT-26SEP07,liquidity,other,14,1400.0000,100.0000,1000.00,2026-08-09T03:59:59.999999+00:00,95.54,Medium-High,40.5,"Post qualifying resting limit orders during the active window; score depends on size, uptime, and distance from best bid/ask.","Unfilled orders may score, but fills create inventory. Target is about 1000 contracts per market; worst-case contract exposure can approach $1 per filled contract before offsetting exits.",Read-only discovery and paper scoring only; live orders require human approval.,"KXSGFT-26SEP07-T109,KXSGFT-26SEP07-T110,KXSGFT-26SEP07-T111,KXSGFT-26SEP07-T112,KXSGFT-26SEP07-T113"
2026-08-05T04:27:53.003248+00:00,2026-08-05T04:27:53.003233+00:00,KXEARNINGSMENTIONABNB-26AUG06,liquidity,other,14,1400.0000,100.0000,1000.00,2026-08-07T03:59:00+00:00,47.52,Medium-High,40.5,"Post qualifying resting limit orders during the active window; score depends on size, uptime, and distance from best bid/ask.","Unfilled orders may score, but fills create inventory. Target is about 1000 contracts per market; worst-case contract exposure can approach $1 per filled contract before offsetting exits.",Read-only discovery and paper scoring only; live orders require human approval.,"KXEARNINGSMENTIONABNB-26AUG06-ACQU,KXEARNINGSMENTIONABNB-26AUG06-BOUT,KXEARNINGSMENTIONABNB-26AUG06-CODE,KXEARNINGSMENTIONABNB-26AUG06-DELT,KXEARNINGSMENTIONABNB-26AUG06-DOME"
2026-08-05T04:27:53.003248+00:00,2026-08-05T04:27:53.003233+00:00,KXBIGBROTHERRANK-26DEC31R3,liquidity,other,14,1400.0000,100.0000,1000.00,2026-08-09T03:59:00+00:00,95.52,Medium-High,40.5,"Post qualifying resting limit orders during the active window; score depends on size, uptime, and distance from best bid/ask.","Unfilled orders may score, but fills create inventory. Target is about 1000 contracts per market; worst-case contract exposure can approach $1 per filled contract before offsetting exits.",Read-only discovery and paper scoring only; live orders require human approval.,"KXBIGBROTHERRANK-26DEC31R3-ANG,KXBIGBROTHERRANK-26DEC31R3-BAR,KXBIGBROTHERRANK-26DEC31R3-CHU,KXBIGBROTHERRANK-26DEC31R3-DEE,KXBIGBROTHERRANK-26DEC31R3-DRE"
2026-08-05T04:27:53.003248+00:00,2026-08-05T04:27:53.003233+00:00,KXBIGBROTHERRANK-26DEC31R2,liquidity,other,14,1400.0000,100.0000,1000.00,2026-08-09T03:59:00+00:00,95.52,Medium-High,40.5,"Post qualifying resting limit orders during the active window; score depends on size, uptime, and distance from best bid/ask.","Unfilled orders may score, but fills create inventory. Target is about 1000 contracts per market; worst-case contract exposure can approach $1 per filled contract before offsetting exits.",Read-only discovery and paper scoring only; live orders require human approval.,"KXBIGBROTHERRANK-26DEC31R2-ANG,KXBIGBROTHERRANK-26DEC31R2-BAR,KXBIGBROTHERRANK-26DEC31R2-CHU,KXBIGBROTHERRANK-26DEC31R2-DEE,KXBIGBROTHERRANK-26DEC31R2-DRE"
2026-08-05T04:27:53.003248+00:00,2026-08-05T04:27:53.003233+00:00,KXTLN-26AUGGEN,liquidity,other,14,1400.0000,100.0000,1000.00,2026-08-08T03:59:00+00:00,71.52,Medium-High,40.5,"Post qualifying resting limit orders during the active window; score depends on size, uptime, and distance from best bid/ask.","Unfilled orders may score, but fills create inventory. Target is about 1000 contracts per market; worst-case contract exposure can approach $1 per filled contract before offsetting exits.",Read-only discovery and paper scoring only; live orders require human approval.,"KXTLN-26AUGGEN-10.0,KXTLN-26AUGGEN-10.5,KXTLN-26AUGGEN-11.0,KXTLN-26AUGGEN-11.5,KXTLN-26AUGGEN-12.0"
2026-08-05T04:27:53.003248+00:00,2026-08-05T04:27:53.003233+00:00,KXCTCQ-26AUGCOMP,liquidity,other,14,1400.0000,100.0000,1000.00,2026-08-07T03:59:00+00:00,47.52,Medium-High,40.5,"Post qualifying resting limit orders during the active window; score depends on size, uptime, and distance from best bid/ask.","Unfilled orders may score, but fills create inventory. Target is about 1000 contracts per market; worst-case contract exposure can approach $1 per filled contract before offsetting exits.",Read-only discovery and paper scoring only; live orders require human approval.,"KXCTCQ-26AUGCOMP-0.0,KXCTCQ-26AUGCOMP-0.5,KXCTCQ-26AUGCOMP-1.0,KXCTCQ-26AUGCOMP-1.5,KXCTCQ-26AUGCOMP-2.0"
2026-08-05T04:27:53.003248+00:00,2026-08-05T04:27:53.003233+00:00,KXGRAB-26NOVMTU,liquidity,other,13,1300.0000,100.0000,1000.00,2026-08-09T03:59:59.999999+00:00,95.54,Medium-High,40.5,"Post qualifying resting limit orders during the active window; score depends on size, uptime, and distance from best bid/ask.","Unfilled orders may score, but fills create inventory. Target is about 1000 contracts per market; worst-case contract exposure can approach $1 per filled contract before offsetting exits.",Read-only discovery and paper scoring only; live orders require human approval.,"KXGRAB-26NOVMTU-55000000.0,KXGRAB-26NOVMTU-55500000.0,KXGRAB-26NOVMTU-56000000.0,KXGRAB-26NOVMTU-56500000.0,KXGRAB-26NOVMTU-57000000.0"
2026-08-05T04:27:53.003248+00:00,2026-08-05T04:27:53.003233+00:00,KXCMGCC-26SEP07,liquidity,other,13,1300.0000,100.0000,1000.00,2026-08-09T03:59:59.999999+00:00,95.54,Medium-High,40.5,"Post qualifying resting limit orders during the active window; score depends on size, uptime, and distance from best bid/ask.","Unfilled orders may score, but fills create inventory. Target is about 1000 contracts per market; worst-case contract exposure can approach $1 per filled contract before offsetting exits.",Read-only discovery and paper scoring only; live orders require human approval.,"KXCMGCC-26SEP07-T100,KXCMGCC-26SEP07-T100.5,KXCMGCC-26SEP07-T101,KXCMGCC-26SEP07-T101.5,KXCMGCC-26SEP07-T102"
2026-08-05T04:27:53.003248+00:00,2026-08-05T04:27:53.003233+00:00,KXSBUXCC-26SEP07,liquidity,other,13,1300.0000,100.0000,1000.00,2026-08-09T03:59:59.999999+00:00,95.54,Medium-High,40.5,"Post qualifying resting limit orders during the active window; score depends on size, uptime, and distance from best bid/ask.","Unfilled orders may score, but fills create inventory. Target is about 1000 contracts per market; worst-case contract exposure can approach $1 per filled contract before offsetting exits.",Read-only discovery and paper scoring only; live orders require human approval.,"KXSBUXCC-26SEP07-T100,KXSBUXCC-26SEP07-T100.5,KXSBUXCC-26SEP07-T101,KXSBUXCC-26SEP07-T101.5,KXSBUXCC-26SEP07-T102"
2026-08-05T04:27:53.003248+00:00,2026-08-05T04:27:53.003233+00:00,KXWENCC-26SEP07,liquidity,other,13,1300.0000,100.0000,1000.00,2026-08-09T03:59:59.999999+00:00,95.54,Medium-High,40.5,"Post qualifying resting limit orders during the active window; score depends on size, uptime, and distance from best bid/ask.","Unfilled orders may score, but fills create inventory. Target is about 1000 contracts per market; worst-case contract exposure can approach $1 per filled contract before offsetting exits.",Read-only discovery and paper scoring only; live orders require human approval.,"KXWENCC-26SEP07-T85,KXWENCC-26SEP07-T85.5,KXWENCC-26SEP07-T86,KXWENCC-26SEP07-T86.5,KXWENCC-26SEP07-T87"
2026-08-05T04:27:53.003248+00:00,2026-08-05T04:27:53.003233+00:00,KXCMGFT-26SEP07,liquidity,other,13,1300.0000,100.0000,1000.00,2026-08-09T03:59:59.999999+00:00,95.54,Medium-High,40.5,"Post qualifying resting limit orders during the active window; score depends on size, uptime, and distance from best bid/ask.","Unfilled orders may score, but fills create inventory. Target is about 1000 contracts per market; worst-case contract exposure can approach $1 per filled contract before offsetting exits.",Read-only discovery and paper scoring only; live orders require human approval.,"KXCMGFT-26SEP07-T100,KXCMGFT-26SEP07-T101,KXCMGFT-26SEP07-T102,KXCMGFT-26SEP07-T103,KXCMGFT-26SEP07-T104"
2026-08-05T04:27:53.003248+00:00,2026-08-05T04:27:53.003233+00:00,KXMCDFT-26SEP07,liquidity,other,13,1300.0000,100.0000,1000.00,2026-08-09T03:59:59.999999+00:00,95.54,Medium-High,40.5,"Post qualifying resting limit orders during the active window; score depends on size, uptime, and distance from best bid/ask.","Unfilled orders may score, but fills create inventory. Target is about 1000 contracts per market; worst-case contract exposure can approach $1 per filled contract before offsetting exits.",Read-only discovery and paper scoring only; live orders require human approval.,"KXMCDFT-26SEP07-T100,KXMCDFT-26SEP07-T101,KXMCDFT-26SEP07-T102,KXMCDFT-26SEP07-T103,KXMCDFT-26SEP07-T104"
2026-08-05T04:27:53.003248+00:00,2026-08-05T04:27:53.003233+00:00,KXSHAKFT-26SEP07,liquidity,other,13,1300.0000,100.0000,1000.00,2026-08-09T03:59:59.999999+00:00,95.54,Medium-High,40.5,"Post qualifying resting limit orders during the active window; score depends on size, uptime, and distance from best bid/ask.","Unfilled orders may score, but fills create inventory. Target is about 1000 contracts per market; worst-case contract exposure can approach $1 per filled contract before offsetting exits.",Read-only discovery and paper scoring only; live orders require human approval.,"KXSHAKFT-26SEP07-T103,KXSHAKFT-26SEP07-T104,KXSHAKFT-26SEP07-T105,KXSHAKFT-26SEP07-T106,KXSHAKFT-26SEP07-T107"
2026-08-05T04:27:53.003248+00:00,2026-08-05T04:27:53.003233+00:00,KXTGTFT-26SEP07,liquidity,other,13,1300.0000,100.0000,1000.00,2026-08-09T03:59:59.999999+00:00,95.54,Medium-High,40.5,"Post qualifying resting limit orders during the active window; score depends on size, uptime, and distance from best bid/ask.","Unfilled orders may score, but fills create inventory. Target is about 1000 contracts per market; worst-case contract exposure can approach $1 per filled contract before offsetting exits.",Read-only discovery and paper scoring only; live orders require human approval.,"KXTGTFT-26SEP07-T100,KXTGTFT-26SEP07-T88,KXTGTFT-26SEP07-T89,KXTGTFT-26SEP07-T90,KXTGTFT-26SEP07-T91"
2026-08-05T04:27:53.003248+00:00,2026-08-05T04:27:53.003233+00:00,KXJOINCLUB-26OCT02RLEAO,liquidity,other,13,1300.0000,100.0000,1000.00,2026-08-11T03:59:00+00:00,143.52,Medium-High,40.5,"Post qualifying resting limit orders during the active window; score depends on size, uptime, and distance from best bid/ask.","Unfilled orders may score, but fills create inventory. Target is about 1000 contracts per market; worst-case contract exposure can approach $1 per filled contract before offsetting exits.",Read-only discovery and paper scoring only; live orders require human approval.,"KXJOINCLUB-26OCT02RLEAO-ACM,KXJOINCLUB-26OCT02RLEAO-ARS,KXJOINCLUB-26OCT02RLEAO-ATM,KXJOINCLUB-26OCT02RLEAO-BAR,KXJOINCLUB-26OCT02RLEAO-BMU"
2026-08-05T04:27:53.003248+00:00,2026-08-05T04:27:53.003233+00:00,KXPBR-26NOVPROD,liquidity,other,12,1200.0000,100.0000,1000.00,2026-08-09T03:59:59.999999+00:00,95.54,Medium-High,40.5,"Post qualifying resting limit orders during the active window; score depends on size, uptime, and distance from best bid/ask.","Unfilled orders may score, but fills create inventory. Target is about 1000 contracts per market; worst-case contract exposure can approach $1 per filled contract before offsetting exits.",Read-only discovery and paper scoring only; live orders require human approval.,"KXPBR-26NOVPROD-2950,KXPBR-26NOVPROD-3000,KXPBR-26NOVPROD-3050,KXPBR-26NOVPROD-3100,KXPBR-26NOVPROD-3150"
2026-08-05T04:27:53.003248+00:00,2026-08-05T04:27:53.003233+00:00,KXYTVIEWSW-TAY26AUG09,liquidity,other,12,1200.0000,100.0000,1000.00,2026-08-11T14:00:00+00:00,153.54,Medium-High,40.5,"Post qualifying resting limit orders during the active window; score depends on size, uptime, and distance from best bid/ask.","Unfilled orders may score, but fills create inventory. Target is about 1000 contracts per market; worst-case contract exposure can approach $1 per filled contract before offsetting exits.",Read-only discovery and paper scoring only; live orders require human approval.,"KXYTVIEWSW-TAY26AUG09-14.0M,KXYTVIEWSW-TAY26AUG09-14.1M,KXYTVIEWSW-TAY26AUG09-14.2M,KXYTVIEWSW-TAY26AUG09-14.3M,KXYTVIEWSW-TAY26AUG09-14.4M"
2026-08-05T04:27:53.003248+00:00,2026-08-05T04:27:53.003233+00:00,KXHOODA-27FEBECVOL,liquidity,other,11,1100.0000,100.0000,1000.00,2026-08-09T03:59:59.999999+00:00,95.54,Medium-High,40.5,"Post qualifying resting limit orders during the active window; score depends on size, uptime, and distance from best bid/ask.","Unfilled orders may score, but fills create inventory. Target is about 1000 contracts per market; worst-case contract exposure can approach $1 per filled contract before offsetting exits.",Read-only discovery and paper scoring only; live orders require human approval.,"KXHOODA-27FEBECVOL-100000000000,KXHOODA-27FEBECVOL-50000000000,KXHOODA-27FEBECVOL-55000000000,KXHOODA-27FEBECVOL-60000000000,KXHOODA-27FEBECVOL-65000000000"
2026-08-05T04:27:53.003248+00:00,2026-08-05T04:27:53.003233+00:00,KXLOW-26AUGCOMP,liquidity,other,11,1100.0000,100.0000,1000.00,2026-08-09T03:59:59.999999+00:00,95.54,Medium-High,40.5,"Post qualifying resting limit orders during the active window; score depends on size, uptime, and distance from best bid/ask.","Unfilled orders may score, but fills create inventory. Target is about 1000 contracts per market; worst-case contract exposure can approach $1 per filled contract before offsetting exits.",Read-only discovery and paper scoring only; live orders require human approval.,"KXLOW-26AUGCOMP-0.0,KXLOW-26AUGCOMP-0.5,KXLOW-26AUGCOMP-1.0,KXLOW-26AUGCOMP-1.5,KXLOW-26AUGCOMP-2.0"
2026-08-05T04:27:53.003248+00:00,2026-08-05T04:27:53.003233+00:00,KXRDDT-26OCTDAU,liquidity,other,11,1100.0000,100.0000,1000.00,2026-08-09T03:59:59.999999+00:00,95.54,Medium-High,40.5,"Post qualifying resting limit orders during the active window; score depends on size, uptime, and distance from best bid/ask.","Unfilled orders may score, but fills create inventory. Target is about 1000 contracts per market; worst-case contract exposure can approach $1 per filled contract before offsetting exits.",Read-only discovery and paper scoring only; live orders require human approval.,"KXRDDT-26OCTDAU-132000000,KXRDDT-26OCTDAU-133000000,KXRDDT-26OCTDAU-134000000,KXRDDT-26OCTDAU-135000000,KXRDDT-26OCTDAU-136000000"
2026-08-05T04:27:53.003248+00:00,2026-08-05T04:27:53.003233+00:00,KXTGT-26NOVCOMP,liquidity,other,11,1100.0000,100.0000,1000.00,2026-08-09T03:59:59.999999+00:00,95.54,Medium-High,40.5,"Post qualifying resting limit orders during the active window; score depends on size, uptime, and distance from best bid/ask.","Unfilled orders may score, but fills create inventory. Target is about 1000 contracts per market; worst-case contract exposure can approach $1 per filled contract before offsetting exits.",Read-only discovery and paper scoring only; live orders require human approval.,"KXTGT-26NOVCOMP-0.0,KXTGT-26NOVCOMP-0.5,KXTGT-26NOVCOMP-1.0,KXTGT-26NOVCOMP-1.5,KXTGT-26NOVCOMP-2.0"
2026-08-05T04:27:53.003248+00:00,2026-08-05T04:27:53.003233+00:00,KXAMZNCC-26SEP07,liquidity,other,11,1100.0000,100.0000,1000.00,2026-08-09T03:59:59.999999+00:00,95.54,Medium-High,40.5,"Post qualifying resting limit orders during the active window; score depends on size, uptime, and distance from best bid/ask.","Unfilled orders may score, but fills create inventory. Target is about 1000 contracts per market; worst-case contract exposure can approach $1 per filled contract before offsetting exits.",Read-only discovery and paper scoring only; live orders require human approval.,"KXAMZNCC-26SEP07-T102,KXAMZNCC-26SEP07-T103,KXAMZNCC-26SEP07-T104,KXAMZNCC-26SEP07-T105,KXAMZNCC-26SEP07-T106"
2026-08-05T04:27:53.003248+00:00,2026-08-05T04:27:53.003233+00:00,KXCFILCC-26SEP07,liquidity,other,11,1100.0000,100.0000,1000.00,2026-08-09T03:59:59.999999+00:00,95.54,Medium-High,40.5,"Post qualifying resting limit orders during the active window; score depends on size, uptime, and distance from best bid/ask.","Unfilled orders may score, but fills create inventory. Target is about 1000 contracts per market; worst-case contract exposure can approach $1 per filled contract before offsetting exits.",Read-only discovery and paper scoring only; live orders require human approval.,"KXCFILCC-26SEP07-T101,KXCFILCC-26SEP07-T102,KXCFILCC-26SEP07-T103,KXCFILCC-26SEP07-T104,KXCFILCC-26SEP07-T105"
2026-08-05T04:27:53.003248+00:00,2026-08-05T04:27:53.003233+00:00,KXHDCC-26SEP07,liquidity,other,11,1100.0000,100.0000,1000.00,2026-08-09T03:59:59.999999+00:00,95.54,Medium-High,40.5,"Post qualifying resting limit orders during the active window; score depends on size, uptime, and distance from best bid/ask.","Unfilled orders may score, but fills create inventory. Target is about 1000 contracts per market; worst-case contract exposure can approach $1 per filled contract before offsetting exits.",Read-only discovery and paper scoring only; live orders require human approval.,"KXHDCC-26SEP07-T100,KXHDCC-26SEP07-T101,KXHDCC-26SEP07-T102,KXHDCC-26SEP07-T92,KXHDCC-26SEP07-T93"
2026-08-05T04:27:53.003248+00:00,2026-08-05T04:27:53.003233+00:00,KXESTPRES-27JAN01,liquidity,other,11,1100.0000,100.0000,1000.00,2026-08-09T03:59:59.999999+00:00,95.54,Medium-High,40.5,"Post qualifying resting limit orders during the active window; score depends on size, uptime, and distance from best bid/ask.","Unfilled orders may score, but fills create inventory. Target is about 1000 contracts per market; worst-case contract exposure can approach $1 per filled contract before offsetting exits.",Read-only discovery and paper scoring only; live orders require human approval.,"KXESTPRES-27JAN01-HHAN,KXESTPRES-27JAN01-ILAU,KXESTPRES-27JAN01-ITAR,KXESTPRES-27JAN01-JVSE,KXESTPRES-27JAN01-KKAL"
2026-08-05T04:27:53.003248+00:00,2026-08-05T04:27:53.003233+00:00,KXHUNGARYPRES-27JAN01,liquidity,other,11,1100.0000,100.0000,1000.00,2026-08-09T03:59:59.999999+00:00,95.54,Medium-High,40.5,"Post qualifying resting limit orders during the active window; score depends on size, uptime, and distance from best bid/ask.","Unfilled orders may score, but fills create inventory. Target is about 1000 contracts per market; worst-case contract exposure can approach $1 per filled contract before offsetting exits.",Read-only discovery and paper scoring only; live orders require human approval.,"KXHUNGARYPRES-27JAN01-AHAD,KXHUNGARYPRES-27JAN01-ALAC,KXHUNGARYPRES-27JAN01-AROS,KXHUNGARYPRES-27JAN01-BOFUL,KXHUNGARYPRES-27JAN01-GIVA"
2026-08-05T04:27:53.003248+00:00,2026-08-05T04:27:53.003233+00:00,KXBKFT-26SEP07,liquidity,other,11,1100.0000,100.0000,1000.00,2026-08-09T03:59:59.999999+00:00,95.54,Medium-High,40.5,"Post qualifying resting limit orders during the active window; score depends on size, uptime, and distance from best bid/ask.","Unfilled orders may score, but fills create inventory. Target is about 1000 contracts per market; worst-case contract exposure can approach $1 per filled contract before offsetting exits.",Read-only discovery and paper scoring only; live orders require human approval.,"KXBKFT-26SEP07-T100,KXBKFT-26SEP07-T101,KXBKFT-26SEP07-T102,KXBKFT-26SEP07-T103,KXBKFT-26SEP07-T93"
2026-08-05T04:27:53.003248+00:00,2026-08-05T04:27:53.003233+00:00,KXCOSTFT-26SEP07,liquidity,other,11,1100.0000,100.0000,1000.00,2026-08-09T03:59:59.999999+00:00,95.54,Medium-High,40.5,"Post qualifying resting limit orders during the active window; score depends on size, uptime, and distance from best bid/ask.","Unfilled orders may score, but fills create inventory. Target is about 1000 contracts per market; worst-case contract exposure can approach $1 per filled contract before offsetting exits.",Read-only discovery and paper scoring only; live orders require human approval.,"KXCOSTFT-26SEP07-T100,KXCOSTFT-26SEP07-T101,KXCOSTFT-26SEP07-T102,KXCOSTFT-26SEP07-T103,KXCOSTFT-26SEP07-T93"
2026-08-05T04:27:53.003248+00:00,2026-08-05T04:27:53.003233+00:00,KXYUMTBFT-26SEP07,liquidity,other,11,1100.0000,100.0000,1000.00,2026-08-09T03:59:59.999999+00:00,95.54,Medium-High,40.5,"Post qualifying resting limit orders during the active window; score depends on size, uptime, and distance from best bid/ask.","Unfilled orders may score, but fills create inventory. Target is about 1000 contracts per market; worst-case contract exposure can approach $1 per filled contract before offsetting exits.",Read-only discovery and paper scoring only; live orders require human approval.,"KXYUMTBFT-26SEP07-T100,KXYUMTBFT-26SEP07-T101,KXYUMTBFT-26SEP07-T102,KXYUMTBFT-26SEP07-T103,KXYUMTBFT-26SEP07-T104"
2026-08-05T04:27:53.003248+00:00,2026-08-05T04:27:53.003233+00:00,KXPBR-26AUGPROD,liquidity,other,11,1100.0000,100.0000,1000.00,2026-08-07T03:59:00+00:00,47.52,Medium-High,40.5,"Post qualifying resting limit orders during the active window; score depends on size, uptime, and distance from best bid/ask.","Unfilled orders may score, but fills create inventory. Target is about 1000 contracts per market; worst-case contract exposure can approach $1 per filled contract before offsetting exits.",Read-only discovery and paper scoring only; live orders require human approval.,"KXPBR-26AUGPROD-2900,KXPBR-26AUGPROD-2950,KXPBR-26AUGPROD-3000,KXPBR-26AUGPROD-3050,KXPBR-26AUGPROD-3100"
2026-08-05T04:27:53.003248+00:00,2026-08-05T04:27:53.003233+00:00,KXYTVIEWSHIGH-BAD26SEP,liquidity,other,3,300.0000,100.0000,1000.00,2026-08-16T04:01:52.869155+00:00,263.57,Medium-High,40.5,"Post qualifying resting limit orders during the active window; score depends on size, uptime, and distance from best bid/ask.","Unfilled orders may score, but fills create inventory. Target is about 1000 contracts per market; worst-case contract exposure can approach $1 per filled contract before offsetting exits.",Read-only discovery and paper scoring only; live orders require human approval.,"KXYTVIEWSHIGH-BAD26SEP-31.0M,KXYTVIEWSHIGH-BAD26SEP-32.0M,KXYTVIEWSHIGH-BAD26SEP-33.0M"
2026-08-05T04:27:53.003248+00:00,2026-08-05T04:27:53.003233+00:00,KXNFLT100-26R3,liquidity,other,2,200.0000,100.0000,1000.00,2026-08-30T03:59:00+00:00,599.52,Medium-High,40.5,"Post qualifying resting limit orders during the active window; score depends on size, uptime, and distance from best bid/ask.","Unfilled orders may score, but fills create inventory. Target is about 1000 contracts per market; worst-case contract exposure can approach $1 per filled contract before offsetting exits.",Read-only discovery and paper scoring only; live orders require human approval.,"KXNFLT100-26R3-JSMITHNJIGBA11,KXNFLT100-26R3-MSTAFFORD9"
2026-08-05T04:27:53.003248+00:00,2026-08-05T04:27:53.003233+00:00,KXNFLT100-26R2,liquidity,other,2,200.0000,100.0000,1000.00,2026-08-30T03:59:00+00:00,599.52,Medium-High,40.5,"Post qualifying resting limit orders during the active window; score depends on size, uptime, and distance from best bid/ask.","Unfilled orders may score, but fills create inventory. Target is about 1000 contracts per market; worst-case contract exposure can approach $1 per filled contract before offsetting exits.",Read-only discovery and paper scoring only; live orders require human approval.,"KXNFLT100-26R2-MGARRETT95,KXNFLT100-26R2-MSTAFFORD9"
2026-08-05T04:27:53.003248+00:00,2026-08-05T04:27:53.003233+00:00,KXH100WS-26AUG07,liquidity,other,9,135.0000,15.0000,1000.00,2026-08-07T20:00:00+00:00,63.54,Medium-High,40.5,"Post qualifying resting limit orders during the active window; score depends on size, uptime, and distance from best bid/ask.","Unfilled orders may score, but fills create inventory. Target is about 1000 contracts per market; worst-case contract exposure can approach $1 per filled contract before offsetting exits.",Read-only discovery and paper scoring only; live orders require human approval.,"KXH100WS-26AUG07-2.000,KXH100WS-26AUG07-2.250,KXH100WS-26AUG07-2.500,KXH100WS-26AUG07-2.750,KXH100WS-26AUG07-3.000"
2026-08-05T04:27:53.003248+00:00,2026-08-05T04:27:53.003233+00:00,KXH200WS-26AUG07,liquidity,other,9,135.0000,15.0000,1000.00,2026-08-07T20:00:00+00:00,63.54,Medium-High,40.5,"Post qualifying resting limit orders during the active window; score depends on size, uptime, and distance from best bid/ask.","Unfilled orders may score, but fills create inventory. Target is about 1000 contracts per market; worst-case contract exposure can approach $1 per filled contract before offsetting exits.",Read-only discovery and paper scoring only; live orders require human approval.,"KXH200WS-26AUG07-2.500,KXH200WS-26AUG07-3.000,KXH200WS-26AUG07-3.500,KXH200WS-26AUG07-4.000,KXH200WS-26AUG07-4.500"
2026-08-05T04:27:53.003248+00:00,2026-08-05T04:27:53.003233+00:00,KXA100WS-26AUG07,liquidity,other,7,105.0000,15.0000,1000.00,2026-08-07T20:00:00+00:00,63.54,Medium-High,40.5,"Post qualifying resting limit orders during the active window; score depends on size, uptime, and distance from best bid/ask.","Unfilled orders may score, but fills create inventory. Target is about 1000 contracts per market; worst-case contract exposure can approach $1 per filled contract before offsetting exits.",Read-only discovery and paper scoring only; live orders require human approval.,"KXA100WS-26AUG07-0.500,KXA100WS-26AUG07-0.750,KXA100WS-26AUG07-1.000,KXA100WS-26AUG07-1.250,KXA100WS-26AUG07-1.500"
2026-08-05T04:27:53.003248+00:00,2026-08-05T04:27:53.003233+00:00,KXB200MAX-26DEC31,liquidity,company/tech,3,45.0000,15.0000,1000.00,2026-08-15T04:01:50.733922+00:00,239.57,Medium-High,40.5,"Post qualifying resting limit orders during the active window; score depends on size, uptime, and distance from best bid/ask.","Unfilled orders may score, but fills create inventory. Target is about 1000 contracts per market; worst-case contract exposure can approach $1 per filled contract before offsetting exits.",Read-only discovery and paper scoring only; live orders require human approval.,"KXB200MAX-26DEC31-7.370,KXB200MAX-26DEC31-7.670,KXB200MAX-26DEC31-7.970"
2026-08-05T04:27:53.003248+00:00,2026-08-05T04:27:53.003233+00:00,KXWTIMAX-26AUG31,liquidity,other,20,1600.0000,80.0000,1000.00,2026-08-09T03:59:59.999999+00:00,95.54,High,39.8,"Post qualifying resting limit orders during the active window; score depends on size, uptime, and distance from best bid/ask.","Unfilled orders may score, but fills create inventory. Target is about 1000 contracts per market; worst-case contract exposure can approach $1 per filled contract before offsetting exits.",Read-only discovery and paper scoring only; live orders require human approval.,"KXWTIMAX-26AUG31-T85.50,KXWTIMAX-26AUG31-T86.00,KXWTIMAX-26AUG31-T86.50,KXWTIMAX-26AUG31-T87.00,KXWTIMAX-26AUG31-T87.50"
2026-08-05T04:27:53.003248+00:00,2026-08-05T04:27:53.003233+00:00,KXWTIMIN-26AUG31,liquidity,other,20,1600.0000,80.0000,1000.00,2026-08-09T03:59:59.999999+00:00,95.54,High,39.8,"Post qualifying resting limit orders during the active window; score depends on size, uptime, and distance from best bid/ask.","Unfilled orders may score, but fills create inventory. Target is about 1000 contracts per market; worst-case contract exposure can approach $1 per filled contract before offsetting exits.",Read-only discovery and paper scoring only; live orders require human approval.,"KXWTIMIN-26AUG31-T66.00,KXWTIMIN-26AUG31-T66.50,KXWTIMIN-26AUG31-T67.00,KXWTIMIN-26AUG31-T67.50,KXWTIMIN-26AUG31-T68.00"
2026-08-05T04:27:53.003248+00:00,2026-08-05T04:27:53.003233+00:00,KXVOTEPRIMARY-MO01D26CBUSCBUS,liquidity,other,19,1520.0000,80.0000,1000.00,2026-08-09T03:59:59.999999+00:00,95.54,Medium-High,39.8,"Post qualifying resting limit orders during the active window; score depends on size, uptime, and distance from best bid/ask.","Unfilled orders may score, but fills create inventory. Target is about 1000 contracts per market; worst-case contract exposure can approach $1 per filled contract before offsetting exits.",Read-only discovery and paper scoring only; live orders require human approval.,"KXVOTEPRIMARY-MO01D26CBUSCBUS-37,KXVOTEPRIMARY-MO01D26CBUSCBUS-38,KXVOTEPRIMARY-MO01D26CBUSCBUS-39,KXVOTEPRIMARY-MO01D26CBUSCBUS-40,KXVOTEPRIMARY-MO01D26CBUSCBUS-41"
2026-08-05T04:27:53.003248+00:00,2026-08-05T04:27:53.003233+00:00,KXYTTOPSONGGW-26AUG06,liquidity,other,15,1200.0000,80.0000,1000.00,2026-08-07T03:59:00+00:00,47.52,Medium-High,39.8,"Post qualifying resting limit orders during the active window; score depends on size, uptime, and distance from best bid/ask.","Unfilled orders may score, but fills create inventory. Target is about 1000 contracts per market; worst-case contract exposure can approach $1 per filled contract before offsetting exits.",Read-only discovery and paper scoring only; live orders require human approval.,"KXYTTOPSONGGW-26AUG06-ANI,KXYTTOPSONGGW-26AUG06-BAR,KXYTTOPSONGGW-26AUG06-BIL,KXYTTOPSONGGW-26AUG06-DAI,KXYTTOPSONGGW-26AUG06-GEH"
2026-08-05T04:27:53.003248+00:00,2026-08-05T04:27:53.003233+00:00,KXYTTOPSONGW-26AUG06,liquidity,other,15,1200.0000,80.0000,1000.00,2026-08-07T03:59:00+00:00,47.52,Medium-High,39.8,"Post qualifying resting limit orders during the active window; score depends on size, uptime, and distance from best bid/ask.","Unfilled orders may score, but fills create inventory. Target is about 1000 contracts per market; worst-case contract exposure can approach $1 per filled contract before offsetting exits.",Read-only discovery and paper scoring only; live orders require human approval.,"KXYTTOPSONGW-26AUG06-ANI,KXYTTOPSONGW-26AUG06-BEA,KXYTTOPSONGW-26AUG06-BIL,KXYTTOPSONGW-26AUG06-CHO,KXYTTOPSONGW-26AUG06-DAI"
2026-08-05T04:27:53.003248+00:00,2026-08-05T04:27:53.003233+00:00,KXNETFLIXTOPVIEWSMOVIE-26AUG10,liquidity,other,11,880.0000,80.0000,1000.00,2026-08-09T03:59:59.999999+00:00,95.54,Medium-High,39.8,"Post qualifying resting limit orders during the active window; score depends on size, uptime, and distance from best bid/ask.","Unfilled orders may score, but fills create inventory. Target is about 1000 contracts per market; worst-case contract exposure can approach $1 per filled contract before offsetting exits.",Read-only discovery and paper scoring only; live orders require human approval.,"KXNETFLIXTOPVIEWSMOVIE-26AUG10-12,KXNETFLIXTOPVIEWSMOVIE-26AUG10-15,KXNETFLIXTOPVIEWSMOVIE-26AUG10-18,KXNETFLIXTOPVIEWSMOVIE-26AUG10-21,KXNETFLIXTOPVIEWSMOVIE-26AUG10-25"
2026-08-05T04:27:53.003248+00:00,2026-08-05T04:27:53.003233+00:00,KXNETFLIXTOPVIEWSTV-26AUG10,liquidity,other,11,880.0000,80.0000,1000.00,2026-08-09T03:59:59.999999+00:00,95.54,Medium-High,39.8,"Post qualifying resting limit orders during the active window; score depends on size, uptime, and distance from best bid/ask.","Unfilled orders may score, but fills create inventory. Target is about 1000 contracts per market; worst-case contract exposure can approach $1 per filled contract before offsetting exits.",Read-only discovery and paper scoring only; live orders require human approval.,"KXNETFLIXTOPVIEWSTV-26AUG10-12,KXNETFLIXTOPVIEWSTV-26AUG10-15,KXNETFLIXTOPVIEWSTV-26AUG10-18,KXNETFLIXTOPVIEWSTV-26AUG10-21,KXNETFLIXTOPVIEWSTV-26AUG10-25"
2026-08-05T04:27:53.003248+00:00,2026-08-05T04:27:53.003233+00:00,KXNEXTMANAGERMLB-BOS26,liquidity,sports,6,1200.0000,200.0000,1000.00,2026-08-16T03:59:00+00:00,263.52,Medium-High,39.0,"Post qualifying resting limit orders during the active window; score depends on size, uptime, and distance from best bid/ask.","Unfilled orders may score, but fills create inventory. Target is about 1000 contracts per market; worst-case contract exposure can approach $1 per filled contract before offsetting exits.",Read-only discovery and paper scoring only; live orders require human approval.,"KXNEXTMANAGERMLB-BOS26-ABAI,KXNEXTMANAGERMLB-BOS26-CTRA,KXNEXTMANAGERMLB-BOS26-JVAR,KXNEXTMANAGERMLB-BOS26-MLOW,KXNEXTMANAGERMLB-BOS26-RBAL"
2026-08-05T04:27:53.003248+00:00,2026-08-05T04:27:53.003233+00:00,KXTRUMPSAY-26AUG10,liquidity,politics/policy,35,3500.0000,100.0000,1000.00,2026-08-10T14:00:00+00:00,129.54,High,38.5,"Post qualifying resting limit orders during the active window; score depends on size, uptime, and distance from best bid/ask.","Unfilled orders may score, but fills create inventory. Target is about 1000 contracts per market; worst-case contract exposure can approach $1 per filled contract before offsetting exits.",Read-only discovery and paper scoring only; live orders require human approval.,"KXTRUMPSAY-26AUG10-AMER,KXTRUMPSAY-26AUG10-AUTO,KXTRUMPSAY-26AUG10-BALL,KXTRUMPSAY-26AUG10-BARA,KXTRUMPSAY-26AUG10-BIBI"
2026-08-05T04:27:53.003248+00:00,2026-08-05T04:27:53.003233+00:00,KXFEDFUNDSYEAR-32JAN01,liquidity,other,21,525.0000,25.0000,1000.00,2026-08-11T03:59:00+00:00,143.52,High,37.9,"Post qualifying resting limit orders during the active window; score depends on size, uptime, and distance from best bid/ask.","Unfilled orders may score, but fills create inventory. Target is about 1000 contracts per market; worst-case contract exposure can approach $1 per filled contract before offsetting exits.",Read-only discovery and paper scoring only; live orders require human approval.,"KXFEDFUNDSYEAR-32JAN01-T1.00,KXFEDFUNDSYEAR-32JAN01-T1.25,KXFEDFUNDSYEAR-32JAN01-T1.50,KXFEDFUNDSYEAR-32JAN01-T1.75,KXFEDFUNDSYEAR-32JAN01-T2.00"
2026-08-05T04:27:53.003248+00:00,2026-08-05T04:27:53.003233+00:00,KXFEDFUNDSYEAR-37JAN01,liquidity,other,21,525.0000,25.0000,1000.00,2026-08-11T03:59:00+00:00,143.52,High,37.9,"Post qualifying resting limit orders during the active window; score depends on size, uptime, and distance from best bid/ask.","Unfilled orders may score, but fills create inventory. Target is about 1000 contracts per market; worst-case contract exposure can approach $1 per filled contract before offsetting exits.",Read-only discovery and paper scoring only; live orders require human approval.,"KXFEDFUNDSYEAR-37JAN01-T1.00,KXFEDFUNDSYEAR-37JAN01-T1.25,KXFEDFUNDSYEAR-37JAN01-T1.50,KXFEDFUNDSYEAR-37JAN01-T1.75,KXFEDFUNDSYEAR-37JAN01-T2.00"
2026-08-05T04:27:53.003248+00:00,2026-08-05T04:27:53.003233+00:00,KXFEDFUNDSYEAR-35JAN01,liquidity,other,21,525.0000,25.0000,1000.00,2026-08-11T03:59:00+00:00,143.52,High,37.9,"Post qualifying resting limit orders during the active window; score depends on size, uptime, and distance from best bid/ask.","Unfilled orders may score, but fills create inventory. Target is about 1000 contracts per market; worst-case contract exposure can approach $1 per filled contract before offsetting exits.",Read-only discovery and paper scoring only; live orders require human approval.,"KXFEDFUNDSYEAR-35JAN01-T1.00,KXFEDFUNDSYEAR-35JAN01-T1.25,KXFEDFUNDSYEAR-35JAN01-T1.50,KXFEDFUNDSYEAR-35JAN01-T1.75,KXFEDFUNDSYEAR-35JAN01-T2.00"
2026-08-05T04:27:53.003248+00:00,2026-08-05T04:27:53.003233+00:00,KXFEDFUNDSYEAR-29JAN01,liquidity,other,21,525.0000,25.0000,1000.00,2026-08-11T03:59:00+00:00,143.52,High,37.9,"Post qualifying resting limit orders during the active window; score depends on size, uptime, and distance from best bid/ask.","Unfilled orders may score, but fills create inventory. Target is about 1000 contracts per market; worst-case contract exposure can approach $1 per filled contract before offsetting exits.",Read-only discovery and paper scoring only; live orders require human approval.,"KXFEDFUNDSYEAR-29JAN01-T1.00,KXFEDFUNDSYEAR-29JAN01-T1.25,KXFEDFUNDSYEAR-29JAN01-T1.50,KXFEDFUNDSYEAR-29JAN01-T1.75,KXFEDFUNDSYEAR-29JAN01-T2.00"
2026-08-05T04:27:53.003248+00:00,2026-08-05T04:27:53.003233+00:00,KXFEDFUNDSYEAR-30JAN01,liquidity,other,21,525.0000,25.0000,1000.00,2026-08-11T03:59:00+00:00,143.52,High,37.9,"Post qualifying resting limit orders during the active window; score depends on size, uptime, and distance from best bid/ask.","Unfilled orders may score, but fills create inventory. Target is about 1000 contracts per market; worst-case contract exposure can approach $1 per filled contract before offsetting exits.",Read-only discovery and paper scoring only; live orders require human approval.,"KXFEDFUNDSYEAR-30JAN01-T1.00,KXFEDFUNDSYEAR-30JAN01-T1.25,KXFEDFUNDSYEAR-30JAN01-T1.50,KXFEDFUNDSYEAR-30JAN01-T1.75,KXFEDFUNDSYEAR-30JAN01-T2.00"
2026-08-05T04:27:53.003248+00:00,2026-08-05T04:27:53.003233+00:00,KXFEDFUNDSYEAR-33JAN01,liquidity,other,21,525.0000,25.0000,1000.00,2026-08-11T03:59:00+00:00,143.52,High,37.9,"Post qualifying resting limit orders during the active window; score depends on size, uptime, and distance from best bid/ask.","Unfilled orders may score, but fills create inventory. Target is about 1000 contracts per market; worst-case contract exposure can approach $1 per filled contract before offsetting exits.",Read-only discovery and paper scoring only; live orders require human approval.,"KXFEDFUNDSYEAR-33JAN01-T1.00,KXFEDFUNDSYEAR-33JAN01-T1.25,KXFEDFUNDSYEAR-33JAN01-T1.50,KXFEDFUNDSYEAR-33JAN01-T1.75,KXFEDFUNDSYEAR-33JAN01-T2.00"
2026-08-05T04:27:53.003248+00:00,2026-08-05T04:27:53.003233+00:00,KXFEDFUNDSYEAR-36JAN01,liquidity,other,21,525.0000,25.0000,1000.00,2026-08-11T03:59:00+00:00,143.52,High,37.9,"Post qualifying resting limit orders during the active window; score depends on size, uptime, and distance from best bid/ask.","Unfilled orders may score, but fills create inventory. Target is about 1000 contracts per market; worst-case contract exposure can approach $1 per filled contract before offsetting exits.",Read-only discovery and paper scoring only; live orders require human approval.,"KXFEDFUNDSYEAR-36JAN01-T1.00,KXFEDFUNDSYEAR-36JAN01-T1.25,KXFEDFUNDSYEAR-36JAN01-T1.50,KXFEDFUNDSYEAR-36JAN01-T1.75,KXFEDFUNDSYEAR-36JAN01-T2.00"
2026-08-05T04:27:53.003248+00:00,2026-08-05T04:27:53.003233+00:00,KXFEDFUNDSYEAR-31JAN01,liquidity,other,21,525.0000,25.0000,1000.00,2026-08-11T03:59:00+00:00,143.52,High,37.9,"Post qualifying resting limit orders during the active window; score depends on size, uptime, and distance from best bid/ask.","Unfilled orders may score, but fills create inventory. Target is about 1000 contracts per market; worst-case contract exposure can approach $1 per filled contract before offsetting exits.",Read-only discovery and paper scoring only; live orders require human approval.,"KXFEDFUNDSYEAR-31JAN01-T1.00,KXFEDFUNDSYEAR-31JAN01-T1.25,KXFEDFUNDSYEAR-31JAN01-T1.50,KXFEDFUNDSYEAR-31JAN01-T1.75,KXFEDFUNDSYEAR-31JAN01-T2.00"
2026-08-05T04:27:53.003248+00:00,2026-08-05T04:27:53.003233+00:00,KXFEDFUNDSYEAR-34JAN01,liquidity,other,21,525.0000,25.0000,1000.00,2026-08-11T03:59:00+00:00,143.52,High,37.9,"Post qualifying resting limit orders during the active window; score depends on size, uptime, and distance from best bid/ask.","Unfilled orders may score, but fills create inventory. Target is about 1000 contracts per market; worst-case contract exposure can approach $1 per filled contract before offsetting exits.",Read-only discovery and paper scoring only; live orders require human approval.,"KXFEDFUNDSYEAR-34JAN01-T1.00,KXFEDFUNDSYEAR-34JAN01-T1.25,KXFEDFUNDSYEAR-34JAN01-T1.50,KXFEDFUNDSYEAR-34JAN01-T1.75,KXFEDFUNDSYEAR-34JAN01-T2.00"
2026-08-05T04:27:53.003248+00:00,2026-08-05T04:27:53.003233+00:00,KXFEDFUNDSYEAR-28JAN01,liquidity,other,21,525.0000,25.0000,1000.00,2026-08-11T03:59:00+00:00,143.52,High,37.9,"Post qualifying resting limit orders during the active window; score depends on size, uptime, and distance from best bid/ask.","Unfilled orders may score, but fills create inventory. Target is about 1000 contracts per market; worst-case contract exposure can approach $1 per filled contract before offsetting exits.",Read-only discovery and paper scoring only; live orders require human approval.,"KXFEDFUNDSYEAR-28JAN01-T1.00,KXFEDFUNDSYEAR-28JAN01-T1.25,KXFEDFUNDSYEAR-28JAN01-T1.50,KXFEDFUNDSYEAR-28JAN01-T1.75,KXFEDFUNDSYEAR-28JAN01-T2.00"
2026-08-05T04:27:53.003248+00:00,2026-08-05T04:27:53.003233+00:00,KXYTVIEWSHIGH-MIC26SEP,liquidity,other,9,900.0000,100.0000,1000.00,2026-08-16T04:01:52.869155+00:00,263.57,Medium-High,37.5,"Post qualifying resting limit orders during the active window; score depends on size, uptime, and distance from best bid/ask.","Unfilled orders may score, but fills create inventory. Target is about 1000 contracts per market; worst-case contract exposure can approach $1 per filled contract before offsetting exits.",Read-only discovery and paper scoring only; live orders require human approval.,"KXYTVIEWSHIGH-MIC26SEP-21.5M,KXYTVIEWSHIGH-MIC26SEP-22.0M,KXYTVIEWSHIGH-MIC26SEP-22.5M,KXYTVIEWSHIGH-MIC26SEP-23.0M,KXYTVIEWSHIGH-MIC26SEP-24.0M"
2026-08-05T04:27:53.003248+00:00,2026-08-05T04:27:53.003233+00:00,KXAC-26AUGPLF,liquidity,other,8,800.0000,100.0000,1000.00,2026-08-13T03:59:00+00:00,191.52,Medium-High,37.5,"Post qualifying resting limit orders during the active window; score depends on size, uptime, and distance from best bid/ask.","Unfilled orders may score, but fills create inventory. Target is about 1000 contracts per market; worst-case contract exposure can approach $1 per filled contract before offsetting exits.",Read-only discovery and paper scoring only; live orders require human approval.,"KXAC-26AUGPLF-83.0,KXAC-26AUGPLF-83.5,KXAC-26AUGPLF-84.5,KXAC-26AUGPLF-85.0,KXAC-26AUGPLF-85.5"
2026-08-05T04:27:53.003248+00:00,2026-08-05T04:27:53.003233+00:00,KXYTVIEWSHIGH-MOR26SEP,liquidity,other,7,700.0000,100.0000,1000.00,2026-08-16T04:01:52.869155+00:00,263.57,Medium-High,37.5,"Post qualifying resting limit orders during the active window; score depends on size, uptime, and distance from best bid/ask.","Unfilled orders may score, but fills create inventory. Target is about 1000 contracts per market; worst-case contract exposure can approach $1 per filled contract before offsetting exits.",Read-only discovery and paper scoring only; live orders require human approval.,"KXYTVIEWSHIGH-MOR26SEP-5.5M,KXYTVIEWSHIGH-MOR26SEP-5.6M,KXYTVIEWSHIGH-MOR26SEP-5.7M,KXYTVIEWSHIGH-MOR26SEP-5.8M,KXYTVIEWSHIGH-MOR26SEP-5.9M"
2026-08-05T04:27:53.003248+00:00,2026-08-05T04:27:53.003233+00:00,KXYTVIEWSHIGH-DRA26SEP,liquidity,other,7,700.0000,100.0000,1000.00,2026-08-16T04:01:52.869155+00:00,263.57,Medium-High,37.5,"Post qualifying resting limit orders during the active window; score depends on size, uptime, and distance from best bid/ask.","Unfilled orders may score, but fills create inventory. Target is about 1000 contracts per market; worst-case contract exposure can approach $1 per filled contract before offsetting exits.",Read-only discovery and paper scoring only; live orders require human approval.,"KXYTVIEWSHIGH-DRA26SEP-12.5M,KXYTVIEWSHIGH-DRA26SEP-12.75M,KXYTVIEWSHIGH-DRA26SEP-13.0M,KXYTVIEWSHIGH-DRA26SEP-13.25M,KXYTVIEWSHIGH-DRA26SEP-13.5M"
2026-08-05T04:27:53.003248+00:00,2026-08-05T04:27:53.003233+00:00,KXNFLT100TOP-26T5,liquidity,other,7,700.0000,100.0000,1000.00,2026-08-30T03:59:00+00:00,599.52,Medium-High,37.5,"Post qualifying resting limit orders during the active window; score depends on size, uptime, and distance from best bid/ask.","Unfilled orders may score, but fills create inventory. Target is about 1000 contracts per market; worst-case contract exposure can approach $1 per filled contract before offsetting exits.",Read-only discovery and paper scoring only; live orders require human approval.,"KXNFLT100TOP-26T5-CWILLIAMS18,KXNFLT100TOP-26T5-DMAYE10,KXNFLT100TOP-26T5-JALLEN17,KXNFLT100TOP-26T5-JGIBBS0,KXNFLT100TOP-26T5-JSMITHNJIGBA11"
2026-08-05T04:27:53.003248+00:00,2026-08-05T04:27:53.003233+00:00,KXNFLT100TOP-26T10,liquidity,other,6,600.0000,100.0000,1000.00,2026-08-30T03:59:00+00:00,599.52,Medium-High,37.5,"Post qualifying resting limit orders during the active window; score depends on size, uptime, and distance from best bid/ask.","Unfilled orders may score, but fills create inventory. Target is about 1000 contracts per market; worst-case contract exposure can approach $1 per filled contract before offsetting exits.",Read-only discovery and paper scoring only; live orders require human approval.,"KXNFLT100TOP-26T10-BROBINSON7,KXNFLT100TOP-26T10-DMAYE10,KXNFLT100TOP-26T10-JALLEN17,KXNFLT100TOP-26T10-JSMITHNJIGBA11,KXNFLT100TOP-26T10-MGARRETT95"
2026-08-05T04:27:53.003248+00:00,2026-08-05T04:27:53.003233+00:00,KXYTVIEWSHIGH-JUS26SEP,liquidity,other,5,500.0000,100.0000,1000.00,2026-08-16T04:01:52.869155+00:00,263.57,Medium-High,37.5,"Post qualifying resting limit orders during the active window; score depends on size, uptime, and distance from best bid/ask.","Unfilled orders may score, but fills create inventory. Target is about 1000 contracts per market; worst-case contract exposure can approach $1 per filled contract before offsetting exits.",Read-only discovery and paper scoring only; live orders require human approval.,"KXYTVIEWSHIGH-JUS26SEP-17.0M,KXYTVIEWSHIGH-JUS26SEP-18.0M,KXYTVIEWSHIGH-JUS26SEP-19.0M,KXYTVIEWSHIGH-JUS26SEP-20.0M,KXYTVIEWSHIGH-JUS26SEP-21.0M"
2026-08-05T04:27:53.003248+00:00,2026-08-05T04:27:53.003233+00:00,KXYTVIEWSHIGH-YOU26SEP,liquidity,other,4,400.0000,100.0000,1000.00,2026-08-16T04:01:52.869155+00:00,263.57,Medium-High,37.5,"Post qualifying resting limit orders during the active window; score depends on size, uptime, and distance from best bid/ask.","Unfilled orders may score, but fills create inventory. Target is about 1000 contracts per market; worst-case contract exposure can approach $1 per filled contract before offsetting exits.",Read-only discovery and paper scoring only; live orders require human approval.,"KXYTVIEWSHIGH-YOU26SEP-7.25M,KXYTVIEWSHIGH-YOU26SEP-7.5M,KXYTVIEWSHIGH-YOU26SEP-7.75M,KXYTVIEWSHIGH-YOU26SEP-8.0M"
2026-08-05T04:27:53.003248+00:00,2026-08-05T04:27:53.003233+00:00,KXYTVIEWSHIGH-ARI26SEP,liquidity,other,4,400.0000,100.0000,1000.00,2026-08-16T04:01:52.869155+00:00,263.57,Medium-High,37.5,"Post qualifying resting limit orders during the active window; score depends on size, uptime, and distance from best bid/ask.","Unfilled orders may score, but fills create inventory. Target is about 1000 contracts per market; worst-case contract exposure can approach $1 per filled contract before offsetting exits.",Read-only discovery and paper scoring only; live orders require human approval.,"KXYTVIEWSHIGH-ARI26SEP-22.0M,KXYTVIEWSHIGH-ARI26SEP-23.0M,KXYTVIEWSHIGH-ARI26SEP-24.0M,KXYTVIEWSHIGH-ARI26SEP-25.0M"
2026-08-05T04:27:53.003248+00:00,2026-08-05T04:27:53.003233+00:00,KXNFLT100-26R1,liquidity,other,4,400.0000,100.0000,1000.00,2026-08-30T03:59:00+00:00,599.52,Medium-High,37.5,"Post qualifying resting limit orders during the active window; score depends on size, uptime, and distance from best bid/ask.","Unfilled orders may score, but fills create inventory. Target is about 1000 contracts per market; worst-case contract exposure can approach $1 per filled contract before offsetting exits.",Read-only discovery and paper scoring only; live orders require human approval.,"KXNFLT100-26R1-JALLEN17,KXNFLT100-26R1-JSMITHNJIGBA11,KXNFLT100-26R1-MGARRETT95,KXNFLT100-26R1-MSTAFFORD9"
2026-08-05T04:27:53.003248+00:00,2026-08-05T04:27:53.003233+00:00,KXNFLT100TOP-26T25,liquidity,other,4,400.0000,100.0000,1000.00,2026-08-30T03:59:00+00:00,599.52,Medium-High,37.5,"Post qualifying resting limit orders during the active window; score depends on size, uptime, and distance from best bid/ask.","Unfilled orders may score, but fills create inventory. Target is about 1000 contracts per market; worst-case contract exposure can approach $1 per filled contract before offsetting exits.",Read-only discovery and paper scoring only; live orders require human approval.,"KXNFLT100TOP-26T25-BROBINSON7,KXNFLT100TOP-26T25-JCHASE1,KXNFLT100TOP-26T25-MGARRETT95,KXNFLT100TOP-26T25-MSTAFFORD9"
2026-08-05T04:27:53.003248+00:00,2026-08-05T04:27:53.003233+00:00,KXB200MS-27FEB,liquidity,company/tech,9,135.0000,15.0000,1000.00,2026-08-15T04:01:50.733922+00:00,239.57,Medium-High,37.5,"Post qualifying resting limit orders during the active window; score depends on size, uptime, and distance from best bid/ask.","Unfilled orders may score, but fills create inventory. Target is about 1000 contracts per market; worst-case contract exposure can approach $1 per filled contract before offsetting exits.",Read-only discovery and paper scoring only; live orders require human approval.,"KXB200MS-27FEB-3.00,KXB200MS-27FEB-3.50,KXB200MS-27FEB-4.000,KXB200MS-27FEB-4.500,KXB200MS-27FEB-5.000"
2026-08-05T04:27:53.003248+00:00,2026-08-05T04:27:53.003233+00:00,KXB200MS-27MAY,liquidity,company/tech,9,135.0000,15.0000,1000.00,2026-08-15T04:01:50.733922+00:00,239.57,Medium-High,37.5,"Post qualifying resting limit orders during the active window; score depends on size, uptime, and distance from best bid/ask.","Unfilled orders may score, but fills create inventory. Target is about 1000 contracts per market; worst-case contract exposure can approach $1 per filled contract before offsetting exits.",Read-only discovery and paper scoring only; live orders require human approval.,"KXB200MS-27MAY-3.00,KXB200MS-27MAY-3.50,KXB200MS-27MAY-4.000,KXB200MS-27MAY-4.500,KXB200MS-27MAY-5.000"
2026-08-05T04:27:53.003248+00:00,2026-08-05T04:27:53.003233+00:00,KXB200MS-27MAR,liquidity,company/tech,9,135.0000,15.0000,1000.00,2026-08-15T04:01:50.733922+00:00,239.57,Medium-High,37.5,"Post qualifying resting limit orders during the active window; score depends on size, uptime, and distance from best bid/ask.","Unfilled orders may score, but fills create inventory. Target is about 1000 contracts per market; worst-case contract exposure can approach $1 per filled contract before offsetting exits.",Read-only discovery and paper scoring only; live orders require human approval.,"KXB200MS-27MAR-3.00,KXB200MS-27MAR-3.50,KXB200MS-27MAR-4.000,KXB200MS-27MAR-4.500,KXB200MS-27MAR-5.000"
2026-08-05T04:27:53.003248+00:00,2026-08-05T04:27:53.003233+00:00,KXB200MS-27APR,liquidity,company/tech,9,135.0000,15.0000,1000.00,2026-08-15T04:01:50.733922+00:00,239.57,Medium-High,37.5,"Post qualifying resting limit orders during the active window; score depends on size, uptime, and distance from best bid/ask.","Unfilled orders may score, but fills create inventory. Target is about 1000 contracts per market; worst-case contract exposure can approach $1 per filled contract before offsetting exits.",Read-only discovery and paper scoring only; live orders require human approval.,"KXB200MS-27APR-3.00,KXB200MS-27APR-3.50,KXB200MS-27APR-4.000,KXB200MS-27APR-4.500,KXB200MS-27APR-5.000"
2026-08-05T04:27:53.003248+00:00,2026-08-05T04:27:53.003233+00:00,KXB200MS-27JAN,liquidity,company/tech,9,135.0000,15.0000,1000.00,2026-08-15T04:01:50.733922+00:00,239.57,Medium-High,37.5,"Post qualifying resting limit orders during the active window; score depends on size, uptime, and distance from best bid/ask.","Unfilled orders may score, but fills create inventory. Target is about 1000 contracts per market; worst-case contract exposure can approach $1 per filled contract before offsetting exits.",Read-only discovery and paper scoring only; live orders require human approval.,"KXB200MS-27JAN-3.00,KXB200MS-27JAN-3.50,KXB200MS-27JAN-4.000,KXB200MS-27JAN-4.500,KXB200MS-27JAN-5.000"
2026-08-05T04:27:53.003248+00:00,2026-08-05T04:27:53.003233+00:00,KXB200MS-26AUG,liquidity,company/tech,9,135.0000,15.0000,1000.00,2026-08-15T04:01:50.733922+00:00,239.57,Medium-High,37.5,"Post qualifying resting limit orders during the active window; score depends on size, uptime, and distance from best bid/ask.","Unfilled orders may score, but fills create inventory. Target is about 1000 contracts per market; worst-case contract exposure can approach $1 per filled contract before offsetting exits.",Read-only discovery and paper scoring only; live orders require human approval.,"KXB200MS-26AUG-3.00,KXB200MS-26AUG-3.50,KXB200MS-26AUG-4.000,KXB200MS-26AUG-4.500,KXB200MS-26AUG-5.000"
2026-08-05T04:27:53.003248+00:00,2026-08-05T04:27:53.003233+00:00,KXB200MS-26DEC,liquidity,company/tech,9,135.0000,15.0000,1000.00,2026-08-15T04:01:50.733922+00:00,239.57,Medium-High,37.5,"Post qualifying resting limit orders during the active window; score depends on size, uptime, and distance from best bid/ask.","Unfilled orders may score, but fills create inventory. Target is about 1000 contracts per market; worst-case contract exposure can approach $1 per filled contract before offsetting exits.",Read-only discovery and paper scoring only; live orders require human approval.,"KXB200MS-26DEC-3.00,KXB200MS-26DEC-3.50,KXB200MS-26DEC-4.000,KXB200MS-26DEC-4.500,KXB200MS-26DEC-5.000"
2026-08-05T04:27:53.003248+00:00,2026-08-05T04:27:53.003233+00:00,KXB200MS-26NOV,liquidity,company/tech,9,135.0000,15.0000,1000.00,2026-08-15T04:01:50.733922+00:00,239.57,Medium-High,37.5,"Post qualifying resting limit orders during the active window; score depends on size, uptime, and distance from best bid/ask.","Unfilled orders may score, but fills create inventory. Target is about 1000 contracts per market; worst-case contract exposure can approach $1 per filled contract before offsetting exits.",Read-only discovery and paper scoring only; live orders require human approval.,"KXB200MS-26NOV-3.00,KXB200MS-26NOV-3.50,KXB200MS-26NOV-4.000,KXB200MS-26NOV-4.500,KXB200MS-26NOV-5.000"
2026-08-05T04:27:53.003248+00:00,2026-08-05T04:27:53.003233+00:00,KXB200MS-26OCT,liquidity,company/tech,9,135.0000,15.0000,1000.00,2026-08-15T04:01:50.733922+00:00,239.57,Medium-High,37.5,"Post qualifying resting limit orders during the active window; score depends on size, uptime, and distance from best bid/ask.","Unfilled orders may score, but fills create inventory. Target is about 1000 contracts per market; worst-case contract exposure can approach $1 per filled contract before offsetting exits.",Read-only discovery and paper scoring only; live orders require human approval.,"KXB200MS-26OCT-3.00,KXB200MS-26OCT-3.50,KXB200MS-26OCT-4.000,KXB200MS-26OCT-4.500,KXB200MS-26OCT-5.000"
2026-08-05T04:27:53.003248+00:00,2026-08-05T04:27:53.003233+00:00,KXB200MS-27JUL,liquidity,company/tech,9,135.0000,15.0000,1000.00,2026-08-15T04:01:50.733922+00:00,239.57,Medium-High,37.5,"Post qualifying resting limit orders during the active window; score depends on size, uptime, and distance from best bid/ask.","Unfilled orders may score, but fills create inventory. Target is about 1000 contracts per market; worst-case contract exposure can approach $1 per filled contract before offsetting exits.",Read-only discovery and paper scoring only; live orders require human approval.,"KXB200MS-27JUL-3.000,KXB200MS-27JUL-3.500,KXB200MS-27JUL-4.000,KXB200MS-27JUL-4.500,KXB200MS-27JUL-5.000"
2026-08-05T04:27:53.003248+00:00,2026-08-05T04:27:53.003233+00:00,KXB200MS-27JUN,liquidity,company/tech,9,135.0000,15.0000,1000.00,2026-08-15T04:01:50.733922+00:00,239.57,Medium-High,37.5,"Post qualifying resting limit orders during the active window; score depends on size, uptime, and distance from best bid/ask.","Unfilled orders may score, but fills create inventory. Target is about 1000 contracts per market; worst-case contract exposure can approach $1 per filled contract before offsetting exits.",Read-only discovery and paper scoring only; live orders require human approval.,"KXB200MS-27JUN-3.00,KXB200MS-27JUN-3.50,KXB200MS-27JUN-4.000,KXB200MS-27JUN-4.500,KXB200MS-27JUN-5.000"
2026-08-05T04:27:53.003248+00:00,2026-08-05T04:27:53.003233+00:00,KXB200MS-26SEP,liquidity,company/tech,9,135.0000,15.0000,1000.00,2026-08-15T04:01:50.733922+00:00,239.57,Medium-High,37.5,"Post qualifying resting limit orders during the active window; score depends on size, uptime, and distance from best bid/ask.","Unfilled orders may score, but fills create inventory. Target is about 1000 contracts per market; worst-case contract exposure can approach $1 per filled contract before offsetting exits.",Read-only discovery and paper scoring only; live orders require human approval.,"KXB200MS-26SEP-3.00,KXB200MS-26SEP-3.50,KXB200MS-26SEP-4.000,KXB200MS-26SEP-4.500,KXB200MS-26SEP-5.000"
2026-08-05T04:27:53.003248+00:00,2026-08-05T04:27:53.003233+00:00,KXRTX5090MS-26AUG,liquidity,company/tech,8,120.0000,15.0000,1000.00,2026-08-15T04:01:50.733922+00:00,239.57,Medium-High,37.5,"Post qualifying resting limit orders during the active window; score depends on size, uptime, and distance from best bid/ask.","Unfilled orders may score, but fills create inventory. Target is about 1000 contracts per market; worst-case contract exposure can approach $1 per filled contract before offsetting exits.",Read-only discovery and paper scoring only; live orders require human approval.,"KXRTX5090MS-26AUG-0.250,KXRTX5090MS-26AUG-0.500,KXRTX5090MS-26AUG-0.750,KXRTX5090MS-26AUG-1.000,KXRTX5090MS-26AUG-1.250"
2026-08-05T04:27:53.003248+00:00,2026-08-05T04:27:53.003233+00:00,KXRTX5090MS-26OCT,liquidity,company/tech,8,120.0000,15.0000,1000.00,2026-08-15T04:01:50.733922+00:00,239.57,Medium-High,37.5,"Post qualifying resting limit orders during the active window; score depends on size, uptime, and distance from best bid/ask.","Unfilled orders may score, but fills create inventory. Target is about 1000 contracts per market; worst-case contract exposure can approach $1 per filled contract before offsetting exits.",Read-only discovery and paper scoring only; live orders require human approval.,"KXRTX5090MS-26OCT-0.250,KXRTX5090MS-26OCT-0.500,KXRTX5090MS-26OCT-0.750,KXRTX5090MS-26OCT-1.000,KXRTX5090MS-26OCT-1.250"
2026-08-05T04:27:53.003248+00:00,2026-08-05T04:27:53.003233+00:00,KXRTX5090MS-26DEC,liquidity,company/tech,8,120.0000,15.0000,1000.00,2026-08-15T04:01:50.733922+00:00,239.57,Medium-High,37.5,"Post qualifying resting limit orders during the active window; score depends on size, uptime, and distance from best bid/ask.","Unfilled orders may score, but fills create inventory. Target is about 1000 contracts per market; worst-case contract exposure can approach $1 per filled contract before offsetting exits.",Read-only discovery and paper scoring only; live orders require human approval.,"KXRTX5090MS-26DEC-0.250,KXRTX5090MS-26DEC-0.500,KXRTX5090MS-26DEC-0.750,KXRTX5090MS-26DEC-1.000,KXRTX5090MS-26DEC-1.250"
2026-08-05T04:27:53.003248+00:00,2026-08-05T04:27:53.003233+00:00,KXRTX5090MS-27JAN,liquidity,company/tech,8,120.0000,15.0000,1000.00,2026-08-15T04:01:50.733922+00:00,239.57,Medium-High,37.5,"Post qualifying resting limit orders during the active window; score depends on size, uptime, and distance from best bid/ask.","Unfilled orders may score, but fills create inventory. Target is about 1000 contracts per market; worst-case contract exposure can approach $1 per filled contract before offsetting exits.",Read-only discovery and paper scoring only; live orders require human approval.,"KXRTX5090MS-27JAN-0.250,KXRTX5090MS-27JAN-0.500,KXRTX5090MS-27JAN-0.750,KXRTX5090MS-27JAN-1.000,KXRTX5090MS-27JAN-1.250"
2026-08-05T04:27:53.003248+00:00,2026-08-05T04:27:53.003233+00:00,KXRTX5090MS-27APR,liquidity,company/tech,8,120.0000,15.0000,1000.00,2026-08-15T04:01:50.733922+00:00,239.57,Medium-High,37.5,"Post qualifying resting limit orders during the active window; score depends on size, uptime, and distance from best bid/ask.","Unfilled orders may score, but fills create inventory. Target is about 1000 contracts per market; worst-case contract exposure can approach $1 per filled contract before offsetting exits.",Read-only discovery and paper scoring only; live orders require human approval.,"KXRTX5090MS-27APR-0.250,KXRTX5090MS-27APR-0.500,KXRTX5090MS-27APR-0.750,KXRTX5090MS-27APR-1.000,KXRTX5090MS-27APR-1.250"
2026-08-05T04:27:53.003248+00:00,2026-08-05T04:27:53.003233+00:00,KXRTX5090MS-26SEP,liquidity,company/tech,8,120.0000,15.0000,1000.00,2026-08-15T04:01:50.733922+00:00,239.57,Medium-High,37.5,"Post qualifying resting limit orders during the active window; score depends on size, uptime, and distance from best bid/ask.","Unfilled orders may score, but fills create inventory. Target is about 1000 contracts per market; worst-case contract exposure can approach $1 per filled contract before offsetting exits.",Read-only discovery and paper scoring only; live orders require human approval.,"KXRTX5090MS-26SEP-0.250,KXRTX5090MS-26SEP-0.500,KXRTX5090MS-26SEP-0.750,KXRTX5090MS-26SEP-1.000,KXRTX5090MS-26SEP-1.250"
2026-08-05T04:27:53.003248+00:00,2026-08-05T04:27:53.003233+00:00,KXRTX5090MS-26NOV,liquidity,company/tech,8,120.0000,15.0000,1000.00,2026-08-15T04:01:50.733922+00:00,239.57,Medium-High,37.5,"Post qualifying resting limit orders during the active window; score depends on size, uptime, and distance from best bid/ask.","Unfilled orders may score, but fills create inventory. Target is about 1000 contracts per market; worst-case contract exposure can approach $1 per filled contract before offsetting exits.",Read-only discovery and paper scoring only; live orders require human approval.,"KXRTX5090MS-26NOV-0.250,KXRTX5090MS-26NOV-0.500,KXRTX5090MS-26NOV-0.750,KXRTX5090MS-26NOV-1.000,KXRTX5090MS-26NOV-1.250"
2026-08-05T04:27:53.003248+00:00,2026-08-05T04:27:53.003233+00:00,KXRTX5090MS-27MAY,liquidity,company/tech,8,120.0000,15.0000,1000.00,2026-08-15T04:01:50.733922+00:00,239.57,Medium-High,37.5,"Post qualifying resting limit orders during the active window; score depends on size, uptime, and distance from best bid/ask.","Unfilled orders may score, but fills create inventory. Target is about 1000 contracts per market; worst-case contract exposure can approach $1 per filled contract before offsetting exits.",Read-only discovery and paper scoring only; live orders require human approval.,"KXRTX5090MS-27MAY-0.250,KXRTX5090MS-27MAY-0.500,KXRTX5090MS-27MAY-0.750,KXRTX5090MS-27MAY-1.000,KXRTX5090MS-27MAY-1.250"
2026-08-05T04:27:53.003248+00:00,2026-08-05T04:27:53.003233+00:00,KXRTX5090MS-27JUN,liquidity,company/tech,8,120.0000,15.0000,1000.00,2026-08-15T04:01:50.733922+00:00,239.57,Medium-High,37.5,"Post qualifying resting limit orders during the active window; score depends on size, uptime, and distance from best bid/ask.","Unfilled orders may score, but fills create inventory. Target is about 1000 contracts per market; worst-case contract exposure can approach $1 per filled contract before offsetting exits.",Read-only discovery and paper scoring only; live orders require human approval.,"KXRTX5090MS-27JUN-0.250,KXRTX5090MS-27JUN-0.500,KXRTX5090MS-27JUN-0.750,KXRTX5090MS-27JUN-1.000,KXRTX5090MS-27JUN-1.250"
2026-08-05T04:27:53.003248+00:00,2026-08-05T04:27:53.003233+00:00,KXRTX5090MS-27MAR,liquidity,company/tech,7,105.0000,15.0000,1000.00,2026-08-15T04:01:50.733922+00:00,239.57,Medium-High,37.5,"Post qualifying resting limit orders during the active window; score depends on size, uptime, and distance from best bid/ask.","Unfilled orders may score, but fills create inventory. Target is about 1000 contracts per market; worst-case contract exposure can approach $1 per filled contract before offsetting exits.",Read-only discovery and paper scoring only; live orders require human approval.,"KXRTX5090MS-27MAR-0.500,KXRTX5090MS-27MAR-0.750,KXRTX5090MS-27MAR-1.000,KXRTX5090MS-27MAR-1.250,KXRTX5090MS-27MAR-1.500"
2026-08-05T04:27:53.003248+00:00,2026-08-05T04:27:53.003233+00:00,KXRTX5090MS-27FEB,liquidity,company/tech,7,105.0000,15.0000,1000.00,2026-08-15T04:01:50.733922+00:00,239.57,Medium-High,37.5,"Post qualifying resting limit orders during the active window; score depends on size, uptime, and distance from best bid/ask.","Unfilled orders may score, but fills create inventory. Target is about 1000 contracts per market; worst-case contract exposure can approach $1 per filled contract before offsetting exits.",Read-only discovery and paper scoring only; live orders require human approval.,"KXRTX5090MS-27FEB-0.500,KXRTX5090MS-27FEB-0.750,KXRTX5090MS-27FEB-1.000,KXRTX5090MS-27FEB-1.250,KXRTX5090MS-27FEB-1.500"
2026-08-05T04:27:53.003248+00:00,2026-08-05T04:27:53.003233+00:00,KXRTX5090MS-27JUL,liquidity,company/tech,6,90.0000,15.0000,1000.00,2026-08-15T04:01:50.733922+00:00,239.57,Medium-High,37.5,"Post qualifying resting limit orders during the active window; score depends on size, uptime, and distance from best bid/ask.","Unfilled orders may score, but fills create inventory. Target is about 1000 contracts per market; worst-case contract exposure can approach $1 per filled contract before offsetting exits.",Read-only discovery and paper scoring only; live orders require human approval.,"KXRTX5090MS-27JUL-0.250,KXRTX5090MS-27JUL-0.500,KXRTX5090MS-27JUL-0.750,KXRTX5090MS-27JUL-1.000,KXRTX5090MS-27JUL-1.250"
2026-08-05T04:27:53.003248+00:00,2026-08-05T04:27:53.003233+00:00,KXRTX5090MAX-26DEC31,liquidity,company/tech,6,90.0000,15.0000,1000.00,2026-08-15T04:01:50.733922+00:00,239.57,Medium-High,37.5,"Post qualifying resting limit orders during the active window; score depends on size, uptime, and distance from best bid/ask.","Unfilled orders may score, but fills create inventory. Target is about 1000 contracts per market; worst-case contract exposure can approach $1 per filled contract before offsetting exits.",Read-only discovery and paper scoring only; live orders require human approval.,"KXRTX5090MAX-26DEC31-1.460,KXRTX5090MAX-26DEC31-1.610,KXRTX5090MAX-26DEC31-1.760,KXRTX5090MAX-26DEC31-1.910,KXRTX5090MAX-26DEC31-2.060"
2026-08-05T04:27:53.003248+00:00,2026-08-05T04:27:53.003233+00:00,KXTRUMPMENTIONB-26AUG04,liquidity,politics/policy,25,2500.0000,100.0000,1000.00,2026-08-26T14:00:00+00:00,513.54,High,35.5,"Post qualifying resting limit orders during the active window; score depends on size, uptime, and distance from best bid/ask.","Unfilled orders may score, but fills create inventory. Target is about 1000 contracts per market; worst-case contract exposure can approach $1 per filled contract before offsetting exits.",Read-only discovery and paper scoring only; live orders require human approval.,"KXTRUMPMENTIONB-26AUG04-AFFO,KXTRUMPMENTIONB-26AUG04-AI,KXTRUMPMENTIONB-26AUG04-ALIE,KXTRUMPMENTIONB-26AUG04-AMER,KXTRUMPMENTIONB-26AUG04-BARA"
2026-08-05T04:27:53.003248+00:00,2026-08-05T04:27:53.003233+00:00,KXHOODA-28JANFUNDED,liquidity,other,21,2100.0000,100.0000,1000.00,2026-08-15T03:59:00+00:00,239.52,High,34.5,"Post qualifying resting limit orders during the active window; score depends on size, uptime, and distance from best bid/ask.","Unfilled orders may score, but fills create inventory. Target is about 1000 contracts per market; worst-case contract exposure can approach $1 per filled contract before offsetting exits.",Read-only discovery and paper scoring only; live orders require human approval.,"KXHOODA-28JANFUNDED-28000000.0,KXHOODA-28JANFUNDED-28200000.0,KXHOODA-28JANFUNDED-28400000.0,KXHOODA-28JANFUNDED-28600000.0,KXHOODA-28JANFUNDED-28800000.0"
2026-08-05T04:27:53.003248+00:00,2026-08-05T04:27:53.003233+00:00,KXRIVNA-28JANDELIV,liquidity,other,16,1600.0000,100.0000,1000.00,2026-08-15T03:59:00+00:00,239.52,Medium-High,34.5,"Post qualifying resting limit orders during the active window; score depends on size, uptime, and distance from best bid/ask.","Unfilled orders may score, but fills create inventory. Target is about 1000 contracts per market; worst-case contract exposure can approach $1 per filled contract before offsetting exits.",Read-only discovery and paper scoring only; live orders require human approval.,"KXRIVNA-28JANDELIV-38000,KXRIVNA-28JANDELIV-40000,KXRIVNA-28JANDELIV-42000,KXRIVNA-28JANDELIV-44000,KXRIVNA-28JANDELIV-46000"
2026-08-05T04:27:53.003248+00:00,2026-08-05T04:27:53.003233+00:00,KXMLSJOIN-26SEP03,liquidity,other,15,1500.0000,100.0000,1000.00,2026-08-18T03:59:00+00:00,311.52,Medium-High,34.5,"Post qualifying resting limit orders during the active window; score depends on size, uptime, and distance from best bid/ask.","Unfilled orders may score, but fills create inventory. Target is about 1000 contracts per market; worst-case contract exposure can approach $1 per filled contract before offsetting exits.",Read-only discovery and paper scoring only; live orders require human approval.,"KXMLSJOIN-26SEP03-ADIMARIA,KXMLSJOIN-26SEP03-CPULIS11,KXMLSJOIN-26SEP03-CRONALDO,KXMLSJOIN-26SEP03-FACERBI,KXMLSJOIN-26SEP03-HKANE"
2026-08-05T04:27:53.003248+00:00,2026-08-05T04:27:53.003233+00:00,KXMAMDANIMENTION-26AUG05,liquidity,other,14,1400.0000,100.0000,1000.00,2026-08-27T14:00:00+00:00,537.54,Medium-High,34.5,"Post qualifying resting limit orders during the active window; score depends on size, uptime, and distance from best bid/ask.","Unfilled orders may score, but fills create inventory. Target is about 1000 contracts per market; worst-case contract exposure can approach $1 per filled contract before offsetting exits.",Read-only discovery and paper scoring only; live orders require human approval.,"KXMAMDANIMENTION-26AUG05-AFFO,KXMAMDANIMENTION-26AUG05-AI,KXMAMDANIMENTION-26AUG05-BILL,KXMAMDANIMENTION-26AUG05-BUDG,KXMAMDANIMENTION-26AUG05-CHIL"
2026-08-05T04:27:53.003248+00:00,2026-08-05T04:27:53.003233+00:00,KXRIVN-26OCTDELIV,liquidity,other,14,1400.0000,100.0000,1000.00,2026-08-15T03:59:00+00:00,239.52,Medium-High,34.5,"Post qualifying resting limit orders during the active window; score depends on size, uptime, and distance from best bid/ask.","Unfilled orders may score, but fills create inventory. Target is about 1000 contracts per market; worst-case contract exposure can approach $1 per filled contract before offsetting exits.",Read-only discovery and paper scoring only; live orders require human approval.,"KXRIVN-26OCTDELIV-11500,KXRIVN-26OCTDELIV-12000,KXRIVN-26OCTDELIV-12500,KXRIVN-26OCTDELIV-13000,KXRIVN-26OCTDELIV-13500"
2026-08-05T04:27:53.003248+00:00,2026-08-05T04:27:53.003233+00:00,KXJOINCLUB-26OCT02RLUKAKU,liquidity,other,13,1300.0000,100.0000,1000.00,2026-08-18T03:59:00+00:00,311.52,Medium-High,34.5,"Post qualifying resting limit orders during the active window; score depends on size, uptime, and distance from best bid/ask.","Unfilled orders may score, but fills create inventory. Target is about 1000 contracts per market; worst-case contract exposure can approach $1 per filled contract before offsetting exits.",Read-only discovery and paper scoring only; live orders require human approval.,"KXJOINCLUB-26OCT02RLUKAKU-AAS,KXJOINCLUB-26OCT02RLUKAKU-ACM,KXJOINCLUB-26OCT02RLUKAKU-ALN,KXJOINCLUB-26OCT02RLUKAKU-EVE,KXJOINCLUB-26OCT02RLUKAKU-FEN"
2026-08-05T04:27:53.003248+00:00,2026-08-05T04:27:53.003233+00:00,KXYTVIEWSHIGH-TAY26SEP,liquidity,other,12,1200.0000,100.0000,1000.00,2026-08-16T04:01:52.869155+00:00,263.57,Medium-High,34.5,"Post qualifying resting limit orders during the active window; score depends on size, uptime, and distance from best bid/ask.","Unfilled orders may score, but fills create inventory. Target is about 1000 contracts per market; worst-case contract exposure can approach $1 per filled contract before offsetting exits.",Read-only discovery and paper scoring only; live orders require human approval.,"KXYTVIEWSHIGH-TAY26SEP-15.0M,KXYTVIEWSHIGH-TAY26SEP-15.1M,KXYTVIEWSHIGH-TAY26SEP-15.2M,KXYTVIEWSHIGH-TAY26SEP-15.4M,KXYTVIEWSHIGH-TAY26SEP-15.6M"
2026-08-05T04:27:53.003248+00:00,2026-08-05T04:27:53.003233+00:00,KXB200MON-26AUG31,liquidity,company/tech,20,300.0000,15.0000,1000.00,2026-08-16T00:00:00+00:00,259.54,High,34.5,"Post qualifying resting limit orders during the active window; score depends on size, uptime, and distance from best bid/ask.","Unfilled orders may score, but fills create inventory. Target is about 1000 contracts per market; worst-case contract exposure can approach $1 per filled contract before offsetting exits.",Read-only discovery and paper scoring only; live orders require human approval.,"KXB200MON-26AUG31-5.410,KXB200MON-26AUG31-5.510,KXB200MON-26AUG31-5.610,KXB200MON-26AUG31-5.710,KXB200MON-26AUG31-5.810"
2026-08-05T04:27:53.003248+00:00,2026-08-05T04:27:53.003233+00:00,KXRTX5090MON-26AUG31,liquidity,company/tech,19,285.0000,15.0000,1000.00,2026-08-16T00:00:00+00:00,259.54,Medium-High,34.5,"Post qualifying resting limit orders during the active window; score depends on size, uptime, and distance from best bid/ask.","Unfilled orders may score, but fills create inventory. Target is about 1000 contracts per market; worst-case contract exposure can approach $1 per filled contract before offsetting exits.",Read-only discovery and paper scoring only; live orders require human approval.,"KXRTX5090MON-26AUG31-0.040,KXRTX5090MON-26AUG31-0.090,KXRTX5090MON-26AUG31-0.140,KXRTX5090MON-26AUG31-0.190,KXRTX5090MON-26AUG31-0.240"
2026-08-05T04:27:53.003248+00:00,2026-08-05T04:27:53.003233+00:00,KXRTX5090MS-27AUG,liquidity,company/tech,17,255.0000,15.0000,1000.00,2026-08-15T14:00:00+00:00,249.54,Medium-High,34.5,"Post qualifying resting limit orders during the active window; score depends on size, uptime, and distance from best bid/ask.","Unfilled orders may score, but fills create inventory. Target is about 1000 contracts per market; worst-case contract exposure can approach $1 per filled contract before offsetting exits.",Read-only discovery and paper scoring only; live orders require human approval.,"KXRTX5090MS-27AUG-0.150,KXRTX5090MS-27AUG-0.200,KXRTX5090MS-27AUG-0.250,KXRTX5090MS-27AUG-0.300,KXRTX5090MS-27AUG-0.350"
2026-08-05T04:27:53.003248+00:00,2026-08-05T04:27:53.003233+00:00,KXRTX5090WS-26AUG21,liquidity,company/tech,17,255.0000,15.0000,1000.00,2026-08-15T04:01:50.733922+00:00,239.57,Medium-High,34.5,"Post qualifying resting limit orders during the active window; score depends on size, uptime, and distance from best bid/ask.","Unfilled orders may score, but fills create inventory. Target is about 1000 contracts per market; worst-case contract exposure can approach $1 per filled contract before offsetting exits.",Read-only discovery and paper scoring only; live orders require human approval.,"KXRTX5090WS-26AUG21-0.150,KXRTX5090WS-26AUG21-0.200,KXRTX5090WS-26AUG21-0.250,KXRTX5090WS-26AUG21-0.300,KXRTX5090WS-26AUG21-0.350"
2026-08-05T04:27:53.003248+00:00,2026-08-05T04:27:53.003233+00:00,KXRTX5090WS-26AUG14,liquidity,company/tech,17,255.0000,15.0000,1000.00,2026-08-14T20:00:00+00:00,231.54,Medium-High,34.5,"Post qualifying resting limit orders during the active window; score depends on size, uptime, and distance from best bid/ask.","Unfilled orders may score, but fills create inventory. Target is about 1000 contracts per market; worst-case contract exposure can approach $1 per filled contract before offsetting exits.",Read-only discovery and paper scoring only; live orders require human approval.,"KXRTX5090WS-26AUG14-0.150,KXRTX5090WS-26AUG14-0.200,KXRTX5090WS-26AUG14-0.250,KXRTX5090WS-26AUG14-0.300,KXRTX5090WS-26AUG14-0.350"
2026-08-05T04:27:53.003248+00:00,2026-08-05T04:27:53.003233+00:00,KXRTX5090WS-26AUG28,liquidity,company/tech,17,255.0000,15.0000,1000.00,2026-08-15T04:01:50.733922+00:00,239.57,Medium-High,34.5,"Post qualifying resting limit orders during the active window; score depends on size, uptime, and distance from best bid/ask.","Unfilled orders may score, but fills create inventory. Target is about 1000 contracts per market; worst-case contract exposure can approach $1 per filled contract before offsetting exits.",Read-only discovery and paper scoring only; live orders require human approval.,"KXRTX5090WS-26AUG28-0.150,KXRTX5090WS-26AUG28-0.200,KXRTX5090WS-26AUG28-0.250,KXRTX5090WS-26AUG28-0.300,KXRTX5090WS-26AUG28-0.350"
2026-08-05T04:27:53.003248+00:00,2026-08-05T04:27:53.003233+00:00,KXRTX5090WS-26SEP11,liquidity,company/tech,17,255.0000,15.0000,1000.00,2026-08-14T20:41:00+00:00,232.22,Medium-High,34.5,"Post qualifying resting limit orders during the active window; score depends on size, uptime, and distance from best bid/ask.","Unfilled orders may score, but fills create inventory. Target is about 1000 contracts per market; worst-case contract exposure can approach $1 per filled contract before offsetting exits.",Read-only discovery and paper scoring only; live orders require human approval.,"KXRTX5090WS-26SEP11-0.150,KXRTX5090WS-26SEP11-0.200,KXRTX5090WS-26SEP11-0.250,KXRTX5090WS-26SEP11-0.300,KXRTX5090WS-26SEP11-0.350"
2026-08-05T04:27:53.003248+00:00,2026-08-05T04:27:53.003233+00:00,KXRTX5090WS-26SEP04,liquidity,company/tech,17,255.0000,15.0000,1000.00,2026-08-13T00:36:56.609790+00:00,188.15,Medium-High,34.5,"Post qualifying resting limit orders during the active window; score depends on size, uptime, and distance from best bid/ask.","Unfilled orders may score, but fills create inventory. Target is about 1000 contracts per market; worst-case contract exposure can approach $1 per filled contract before offsetting exits.",Read-only discovery and paper scoring only; live orders require human approval.,"KXRTX5090WS-26SEP04-0.150,KXRTX5090WS-26SEP04-0.200,KXRTX5090WS-26SEP04-0.250,KXRTX5090WS-26SEP04-0.300,KXRTX5090WS-26SEP04-0.350"
2026-08-05T04:27:53.003248+00:00,2026-08-05T04:27:53.003233+00:00,KXB200MS-27AUG,liquidity,company/tech,15,225.0000,15.0000,1000.00,2026-08-15T14:00:00+00:00,249.54,Medium-High,34.5,"Post qualifying resting limit orders during the active window; score depends on size, uptime, and distance from best bid/ask.","Unfilled orders may score, but fills create inventory. Target is about 1000 contracts per market; worst-case contract exposure can approach $1 per filled contract before offsetting exits.",Read-only discovery and paper scoring only; live orders require human approval.,"KXB200MS-27AUG-2.000,KXB200MS-27AUG-2.500,KXB200MS-27AUG-3.000,KXB200MS-27AUG-3.500,KXB200MS-27AUG-4.000"
2026-08-05T04:27:53.003248+00:00,2026-08-05T04:27:53.003233+00:00,KXB200WS-26AUG14,liquidity,company/tech,13,195.0000,15.0000,1000.00,2026-08-14T20:00:00+00:00,231.54,Medium-High,34.5,"Post qualifying resting limit orders during the active window; score depends on size, uptime, and distance from best bid/ask.","Unfilled orders may score, but fills create inventory. Target is about 1000 contracts per market; worst-case contract exposure can approach $1 per filled contract before offsetting exits.",Read-only discovery and paper scoring only; live orders require human approval.,"KXB200WS-26AUG14-3.000,KXB200WS-26AUG14-3.500,KXB200WS-26AUG14-4.000,KXB200WS-26AUG14-4.500,KXB200WS-26AUG14-5.000"
2026-08-05T04:27:53.003248+00:00,2026-08-05T04:27:53.003233+00:00,KXB200WS-26AUG21,liquidity,company/tech,13,195.0000,15.0000,1000.00,2026-08-15T04:01:50.733922+00:00,239.57,Medium-High,34.5,"Post qualifying resting limit orders during the active window; score depends on size, uptime, and distance from best bid/ask.","Unfilled orders may score, but fills create inventory. Target is about 1000 contracts per market; worst-case contract exposure can approach $1 per filled contract before offsetting exits.",Read-only discovery and paper scoring only; live orders require human approval.,"KXB200WS-26AUG21-3.000,KXB200WS-26AUG21-3.500,KXB200WS-26AUG21-4.000,KXB200WS-26AUG21-4.500,KXB200WS-26AUG21-5.000"
2026-08-05T04:27:53.003248+00:00,2026-08-05T04:27:53.003233+00:00,KXB200WS-26SEP11,liquidity,company/tech,13,195.0000,15.0000,1000.00,2026-08-14T20:41:00+00:00,232.22,Medium-High,34.5,"Post qualifying resting limit orders during the active window; score depends on size, uptime, and distance from best bid/ask.","Unfilled orders may score, but fills create inventory. Target is about 1000 contracts per market; worst-case contract exposure can approach $1 per filled contract before offsetting exits.",Read-only discovery and paper scoring only; live orders require human approval.,"KXB200WS-26SEP11-3.000,KXB200WS-26SEP11-3.500,KXB200WS-26SEP11-4.000,KXB200WS-26SEP11-4.500,KXB200WS-26SEP11-5.000"
2026-08-05T04:27:53.003248+00:00,2026-08-05T04:27:53.003233+00:00,KXB200WS-26SEP04,liquidity,company/tech,13,195.0000,15.0000,1000.00,2026-08-13T00:36:56.609790+00:00,188.15,Medium-High,34.5,"Post qualifying resting limit orders during the active window; score depends on size, uptime, and distance from best bid/ask.","Unfilled orders may score, but fills create inventory. Target is about 1000 contracts per market; worst-case contract exposure can approach $1 per filled contract before offsetting exits.",Read-only discovery and paper scoring only; live orders require human approval.,"KXB200WS-26SEP04-3.000,KXB200WS-26SEP04-3.500,KXB200WS-26SEP04-4.000,KXB200WS-26SEP04-4.500,KXB200WS-26SEP04-5.000"
2026-08-05T04:27:53.003248+00:00,2026-08-05T04:27:53.003233+00:00,KXA100MS-27AUG,liquidity,other,10,150.0000,15.0000,1000.00,2026-08-15T14:00:00+00:00,249.54,Medium-High,34.5,"Post qualifying resting limit orders during the active window; score depends on size, uptime, and distance from best bid/ask.","Unfilled orders may score, but fills create inventory. Target is about 1000 contracts per market; worst-case contract exposure can approach $1 per filled contract before offsetting exits.",Read-only discovery and paper scoring only; live orders require human approval.,"KXA100MS-27AUG-0.300,KXA100MS-27AUG-0.400,KXA100MS-27AUG-0.500,KXA100MS-27AUG-0.600,KXA100MS-27AUG-0.750"
2026-08-05T04:27:53.003248+00:00,2026-08-05T04:27:53.003233+00:00,KXA100WS-26AUG28,liquidity,other,10,150.0000,15.0000,1000.00,2026-08-15T04:01:50.733922+00:00,239.57,Medium-High,34.5,"Post qualifying resting limit orders during the active window; score depends on size, uptime, and distance from best bid/ask.","Unfilled orders may score, but fills create inventory. Target is about 1000 contracts per market; worst-case contract exposure can approach $1 per filled contract before offsetting exits.",Read-only discovery and paper scoring only; live orders require human approval.,"KXA100WS-26AUG28-0.300,KXA100WS-26AUG28-0.400,KXA100WS-26AUG28-0.500,KXA100WS-26AUG28-0.600,KXA100WS-26AUG28-0.750"
2026-08-05T04:27:53.003248+00:00,2026-08-05T04:27:53.003233+00:00,KXA100WS-26AUG21,liquidity,other,10,150.0000,15.0000,1000.00,2026-08-15T04:01:50.733922+00:00,239.57,Medium-High,34.5,"Post qualifying resting limit orders during the active window; score depends on size, uptime, and distance from best bid/ask.","Unfilled orders may score, but fills create inventory. Target is about 1000 contracts per market; worst-case contract exposure can approach $1 per filled contract before offsetting exits.",Read-only discovery and paper scoring only; live orders require human approval.,"KXA100WS-26AUG21-0.300,KXA100WS-26AUG21-0.400,KXA100WS-26AUG21-0.500,KXA100WS-26AUG21-0.600,KXA100WS-26AUG21-0.750"
2026-08-05T04:27:53.003248+00:00,2026-08-05T04:27:53.003233+00:00,KXA100WS-26AUG14,liquidity,other,10,150.0000,15.0000,1000.00,2026-08-14T20:00:00+00:00,231.54,Medium-High,34.5,"Post qualifying resting limit orders during the active window; score depends on size, uptime, and distance from best bid/ask.","Unfilled orders may score, but fills create inventory. Target is about 1000 contracts per market; worst-case contract exposure can approach $1 per filled contract before offsetting exits.",Read-only discovery and paper scoring only; live orders require human approval.,"KXA100WS-26AUG14-0.300,KXA100WS-26AUG14-0.400,KXA100WS-26AUG14-0.500,KXA100WS-26AUG14-0.600,KXA100WS-26AUG14-0.750"
2026-08-05T04:27:53.003248+00:00,2026-08-05T04:27:53.003233+00:00,KXA100WS-26SEP11,liquidity,other,10,150.0000,15.0000,1000.00,2026-08-14T20:41:00+00:00,232.22,Medium-High,34.5,"Post qualifying resting limit orders during the active window; score depends on size, uptime, and distance from best bid/ask.","Unfilled orders may score, but fills create inventory. Target is about 1000 contracts per market; worst-case contract exposure can approach $1 per filled contract before offsetting exits.",Read-only discovery and paper scoring only; live orders require human approval.,"KXA100WS-26SEP11-0.300,KXA100WS-26SEP11-0.400,KXA100WS-26SEP11-0.500,KXA100WS-26SEP11-0.600,KXA100WS-26SEP11-0.750"
2026-08-05T04:27:53.003248+00:00,2026-08-05T04:27:53.003233+00:00,KXA100WS-26SEP04,liquidity,other,10,150.0000,15.0000,1000.00,2026-08-13T00:36:56.609790+00:00,188.15,Medium-High,34.5,"Post qualifying resting limit orders during the active window; score depends on size, uptime, and distance from best bid/ask.","Unfilled orders may score, but fills create inventory. Target is about 1000 contracts per market; worst-case contract exposure can approach $1 per filled contract before offsetting exits.",Read-only discovery and paper scoring only; live orders require human approval.,"KXA100WS-26SEP04-0.300,KXA100WS-26SEP04-0.400,KXA100WS-26SEP04-0.500,KXA100WS-26SEP04-0.600,KXA100WS-26SEP04-0.750"
2026-08-05T04:27:53.003248+00:00,2026-08-05T04:27:53.003233+00:00,KXH100MS-26SEP,liquidity,other,9,135.0000,15.0000,1000.00,2026-08-15T04:01:50.733922+00:00,239.57,Medium-High,34.5,"Post qualifying resting limit orders during the active window; score depends on size, uptime, and distance from best bid/ask.","Unfilled orders may score, but fills create inventory. Target is about 1000 contracts per market; worst-case contract exposure can approach $1 per filled contract before offsetting exits.",Read-only discovery and paper scoring only; live orders require human approval.,"KXH100MS-26SEP-2.000,KXH100MS-26SEP-2.250,KXH100MS-26SEP-2.500,KXH100MS-26SEP-2.750,KXH100MS-26SEP-3.000"
2026-08-05T04:27:53.003248+00:00,2026-08-05T04:27:53.003233+00:00,KXH100MS-27MAR,liquidity,other,9,135.0000,15.0000,1000.00,2026-08-15T04:01:50.733922+00:00,239.57,Medium-High,34.5,"Post qualifying resting limit orders during the active window; score depends on size, uptime, and distance from best bid/ask.","Unfilled orders may score, but fills create inventory. Target is about 1000 contracts per market; worst-case contract exposure can approach $1 per filled contract before offsetting exits.",Read-only discovery and paper scoring only; live orders require human approval.,"KXH100MS-27MAR-2.000,KXH100MS-27MAR-2.250,KXH100MS-27MAR-2.500,KXH100MS-27MAR-2.750,KXH100MS-27MAR-3.000"
2026-08-05T04:27:53.003248+00:00,2026-08-05T04:27:53.003233+00:00,KXH200MS-27JUL,liquidity,other,9,135.0000,15.0000,1000.00,2026-08-15T04:01:50.733922+00:00,239.57,Medium-High,34.5,"Post qualifying resting limit orders during the active window; score depends on size, uptime, and distance from best bid/ask.","Unfilled orders may score, but fills create inventory. Target is about 1000 contracts per market; worst-case contract exposure can approach $1 per filled contract before offsetting exits.",Read-only discovery and paper scoring only; live orders require human approval.,"KXH200MS-27JUL-2.500,KXH200MS-27JUL-3.000,KXH200MS-27JUL-3.500,KXH200MS-27JUL-4.000,KXH200MS-27JUL-4.500"
2026-08-05T04:27:53.003248+00:00,2026-08-05T04:27:53.003233+00:00,KXH100MS-27JAN,liquidity,other,9,135.0000,15.0000,1000.00,2026-08-15T04:01:50.733922+00:00,239.57,Medium-High,34.5,"Post qualifying resting limit orders during the active window; score depends on size, uptime, and distance from best bid/ask.","Unfilled orders may score, but fills create inventory. Target is about 1000 contracts per market; worst-case contract exposure can approach $1 per filled contract before offsetting exits.",Read-only discovery and paper scoring only; live orders require human approval.,"KXH100MS-27JAN-2.000,KXH100MS-27JAN-2.250,KXH100MS-27JAN-2.500,KXH100MS-27JAN-2.750,KXH100MS-27JAN-3.000"
2026-08-05T04:27:53.003248+00:00,2026-08-05T04:27:53.003233+00:00,KXH100MS-27FEB,liquidity,other,9,135.0000,15.0000,1000.00,2026-08-15T04:01:50.733922+00:00,239.57,Medium-High,34.5,"Post qualifying resting limit orders during the active window; score depends on size, uptime, and distance from best bid/ask.","Unfilled orders may score, but fills create inventory. Target is about 1000 contracts per market; worst-case contract exposure can approach $1 per filled contract before offsetting exits.",Read-only discovery and paper scoring only; live orders require human approval.,"KXH100MS-27FEB-2.000,KXH100MS-27FEB-2.250,KXH100MS-27FEB-2.500,KXH100MS-27FEB-2.750,KXH100MS-27FEB-3.000"
2026-08-05T04:27:53.003248+00:00,2026-08-05T04:27:53.003233+00:00,KXH100MS-26NOV,liquidity,other,9,135.0000,15.0000,1000.00,2026-08-15T04:01:50.733922+00:00,239.57,Medium-High,34.5,"Post qualifying resting limit orders during the active window; score depends on size, uptime, and distance from best bid/ask.","Unfilled orders may score, but fills create inventory. Target is about 1000 contracts per market; worst-case contract exposure can approach $1 per filled contract before offsetting exits.",Read-only discovery and paper scoring only; live orders require human approval.,"KXH100MS-26NOV-2.000,KXH100MS-26NOV-2.250,KXH100MS-26NOV-2.500,KXH100MS-26NOV-2.750,KXH100MS-26NOV-3.000"
2026-08-05T04:27:53.003248+00:00,2026-08-05T04:27:53.003233+00:00,KXH100MS-26OCT,liquidity,other,9,135.0000,15.0000,1000.00,2026-08-15T04:01:50.733922+00:00,239.57,Medium-High,34.5,"Post qualifying resting limit orders during the active window; score depends on size, uptime, and distance from best bid/ask.","Unfilled orders may score, but fills create inventory. Target is about 1000 contracts per market; worst-case contract exposure can approach $1 per filled contract before offsetting exits.",Read-only discovery and paper scoring only; live orders require human approval.,"KXH100MS-26OCT-2.000,KXH100MS-26OCT-2.250,KXH100MS-26OCT-2.500,KXH100MS-26OCT-2.750,KXH100MS-26OCT-3.000"
2026-08-05T04:27:53.003248+00:00,2026-08-05T04:27:53.003233+00:00,KXH100MS-27MAY,liquidity,other,9,135.0000,15.0000,1000.00,2026-08-15T04:01:50.733922+00:00,239.57,Medium-High,34.5,"Post qualifying resting limit orders during the active window; score depends on size, uptime, and distance from best bid/ask.","Unfilled orders may score, but fills create inventory. Target is about 1000 contracts per market; worst-case contract exposure can approach $1 per filled contract before offsetting exits.",Read-only discovery and paper scoring only; live orders require human approval.,"KXH100MS-27MAY-2.000,KXH100MS-27MAY-2.250,KXH100MS-27MAY-2.500,KXH100MS-27MAY-2.750,KXH100MS-27MAY-3.000"
2026-08-05T04:27:53.003248+00:00,2026-08-05T04:27:53.003233+00:00,KXH100MS-27APR,liquidity,other,9,135.0000,15.0000,1000.00,2026-08-15T04:01:50.733922+00:00,239.57,Medium-High,34.5,"Post qualifying resting limit orders during the active window; score depends on size, uptime, and distance from best bid/ask.","Unfilled orders may score, but fills create inventory. Target is about 1000 contracts per market; worst-case contract exposure can approach $1 per filled contract before offsetting exits.",Read-only discovery and paper scoring only; live orders require human approval.,"KXH100MS-27APR-2.000,KXH100MS-27APR-2.250,KXH100MS-27APR-2.500,KXH100MS-27APR-2.750,KXH100MS-27APR-3.000"
2026-08-05T04:27:53.003248+00:00,2026-08-05T04:27:53.003233+00:00,KXA100MAX-26DEC31,liquidity,other,9,135.0000,15.0000,1000.00,2026-08-15T04:01:50.733922+00:00,239.57,Medium-High,34.5,"Post qualifying resting limit orders during the active window; score depends on size, uptime, and distance from best bid/ask.","Unfilled orders may score, but fills create inventory. Target is about 1000 contracts per market; worst-case contract exposure can approach $1 per filled contract before offsetting exits.",Read-only discovery and paper scoring only; live orders require human approval.,"KXA100MAX-26DEC31-1.390,KXA100MAX-26DEC31-1.540,KXA100MAX-26DEC31-1.690,KXA100MAX-26DEC31-1.840,KXA100MAX-26DEC31-1.990"
2026-08-05T04:27:53.003248+00:00,2026-08-05T04:27:53.003233+00:00,KXH100MS-27JUN,liquidity,other,9,135.0000,15.0000,1000.00,2026-08-15T04:01:50.733922+00:00,239.57,Medium-High,34.5,"Post qualifying resting limit orders during the active window; score depends on size, uptime, and distance from best bid/ask.","Unfilled orders may score, but fills create inventory. Target is about 1000 contracts per market; worst-case contract exposure can approach $1 per filled contract before offsetting exits.",Read-only discovery and paper scoring only; live orders require human approval.,"KXH100MS-27JUN-2.000,KXH100MS-27JUN-2.250,KXH100MS-27JUN-2.500,KXH100MS-27JUN-2.750,KXH100MS-27JUN-3.000"
2026-08-05T04:27:53.003248+00:00,2026-08-05T04:27:53.003233+00:00,KXH100MS-26AUG,liquidity,other,9,135.0000,15.0000,1000.00,2026-08-15T04:01:50.733922+00:00,239.57,Medium-High,34.5,"Post qualifying resting limit orders during the active window; score depends on size, uptime, and distance from best bid/ask.","Unfilled orders may score, but fills create inventory. Target is about 1000 contracts per market; worst-case contract exposure can approach $1 per filled contract before offsetting exits.",Read-only discovery and paper scoring only; live orders require human approval.,"KXH100MS-26AUG-2.000,KXH100MS-26AUG-2.250,KXH100MS-26AUG-2.500,KXH100MS-26AUG-2.750,KXH100MS-26AUG-3.000"
2026-08-05T04:27:53.003248+00:00,2026-08-05T04:27:53.003233+00:00,KXH100MS-26DEC,liquidity,other,9,135.0000,15.0000,1000.00,2026-08-15T04:01:50.733922+00:00,239.57,Medium-High,34.5,"Post qualifying resting limit orders during the active window; score depends on size, uptime, and distance from best bid/ask.","Unfilled orders may score, but fills create inventory. Target is about 1000 contracts per market; worst-case contract exposure can approach $1 per filled contract before offsetting exits.",Read-only discovery and paper scoring only; live orders require human approval.,"KXH100MS-26DEC-2.000,KXH100MS-26DEC-2.250,KXH100MS-26DEC-2.500,KXH100MS-26DEC-2.750,KXH100MS-26DEC-3.000"
2026-08-05T04:27:53.003248+00:00,2026-08-05T04:27:53.003233+00:00,KXH100MS-27JUL,liquidity,other,9,135.0000,15.0000,1000.00,2026-08-15T04:01:50.733922+00:00,239.57,Medium-High,34.5,"Post qualifying resting limit orders during the active window; score depends on size, uptime, and distance from best bid/ask.","Unfilled orders may score, but fills create inventory. Target is about 1000 contracts per market; worst-case contract exposure can approach $1 per filled contract before offsetting exits.",Read-only discovery and paper scoring only; live orders require human approval.,"KXH100MS-27JUL-2.000,KXH100MS-27JUL-2.250,KXH100MS-27JUL-2.500,KXH100MS-27JUL-2.750,KXH100MS-27JUL-3.000"
2026-08-05T04:27:53.003248+00:00,2026-08-05T04:27:53.003233+00:00,KXA100MS-27JUN,liquidity,other,7,105.0000,15.0000,1000.00,2026-08-15T04:01:50.733922+00:00,239.57,Medium-High,34.5,"Post qualifying resting limit orders during the active window; score depends on size, uptime, and distance from best bid/ask.","Unfilled orders may score, but fills create inventory. Target is about 1000 contracts per market; worst-case contract exposure can approach $1 per filled contract before offsetting exits.",Read-only discovery and paper scoring only; live orders require human approval.,"KXA100MS-27JUN-0.500,KXA100MS-27JUN-0.750,KXA100MS-27JUN-1.000,KXA100MS-27JUN-1.250,KXA100MS-27JUN-1.500"
2026-08-05T04:27:53.003248+00:00,2026-08-05T04:27:53.003233+00:00,KXA100MS-27APR,liquidity,other,7,105.0000,15.0000,1000.00,2026-08-15T04:01:50.733922+00:00,239.57,Medium-High,34.5,"Post qualifying resting limit orders during the active window; score depends on size, uptime, and distance from best bid/ask.","Unfilled orders may score, but fills create inventory. Target is about 1000 contracts per market; worst-case contract exposure can approach $1 per filled contract before offsetting exits.",Read-only discovery and paper scoring only; live orders require human approval.,"KXA100MS-27APR-0.500,KXA100MS-27APR-0.750,KXA100MS-27APR-1.000,KXA100MS-27APR-1.250,KXA100MS-27APR-1.500"
2026-08-05T04:27:53.003248+00:00,2026-08-05T04:27:53.003233+00:00,KXA100MS-26SEP,liquidity,other,7,105.0000,15.0000,1000.00,2026-08-15T04:01:50.733922+00:00,239.57,Medium-High,34.5,"Post qualifying resting limit orders during the active window; score depends on size, uptime, and distance from best bid/ask.","Unfilled orders may score, but fills create inventory. Target is about 1000 contracts per market; worst-case contract exposure can approach $1 per filled contract before offsetting exits.",Read-only discovery and paper scoring only; live orders require human approval.,"KXA100MS-26SEP-0.500,KXA100MS-26SEP-0.750,KXA100MS-26SEP-1.000,KXA100MS-26SEP-1.250,KXA100MS-26SEP-1.500"
2026-08-05T04:27:53.003248+00:00,2026-08-05T04:27:53.003233+00:00,KXA100MS-26DEC,liquidity,other,7,105.0000,15.0000,1000.00,2026-08-15T04:01:50.733922+00:00,239.57,Medium-High,34.5,"Post qualifying resting limit orders during the active window; score depends on size, uptime, and distance from best bid/ask.","Unfilled orders may score, but fills create inventory. Target is about 1000 contracts per market; worst-case contract exposure can approach $1 per filled contract before offsetting exits.",Read-only discovery and paper scoring only; live orders require human approval.,"KXA100MS-26DEC-0.500,KXA100MS-26DEC-0.750,KXA100MS-26DEC-1.000,KXA100MS-26DEC-1.250,KXA100MS-26DEC-1.500"
2026-08-05T04:27:53.003248+00:00,2026-08-05T04:27:53.003233+00:00,KXA100MS-26OCT,liquidity,other,7,105.0000,15.0000,1000.00,2026-08-15T04:01:50.733922+00:00,239.57,Medium-High,34.5,"Post qualifying resting limit orders during the active window; score depends on size, uptime, and distance from best bid/ask.","Unfilled orders may score, but fills create inventory. Target is about 1000 contracts per market; worst-case contract exposure can approach $1 per filled contract before offsetting exits.",Read-only discovery and paper scoring only; live orders require human approval.,"KXA100MS-26OCT-0.500,KXA100MS-26OCT-0.750,KXA100MS-26OCT-1.000,KXA100MS-26OCT-1.250,KXA100MS-26OCT-1.500"
2026-08-05T04:27:53.003248+00:00,2026-08-05T04:27:53.003233+00:00,KXA100MS-26NOV,liquidity,other,7,105.0000,15.0000,1000.00,2026-08-15T04:01:50.733922+00:00,239.57,Medium-High,34.5,"Post qualifying resting limit orders during the active window; score depends on size, uptime, and distance from best bid/ask.","Unfilled orders may score, but fills create inventory. Target is about 1000 contracts per market; worst-case contract exposure can approach $1 per filled contract before offsetting exits.",Read-only discovery and paper scoring only; live orders require human approval.,"KXA100MS-26NOV-0.500,KXA100MS-26NOV-0.750,KXA100MS-26NOV-1.000,KXA100MS-26NOV-1.250,KXA100MS-26NOV-1.500"
2026-08-05T04:27:53.003248+00:00,2026-08-05T04:27:53.003233+00:00,KXA100MS-27MAY,liquidity,other,7,105.0000,15.0000,1000.00,2026-08-15T04:01:50.733922+00:00,239.57,Medium-High,34.5,"Post qualifying resting limit orders during the active window; score depends on size, uptime, and distance from best bid/ask.","Unfilled orders may score, but fills create inventory. Target is about 1000 contracts per market; worst-case contract exposure can approach $1 per filled contract before offsetting exits.",Read-only discovery and paper scoring only; live orders require human approval.,"KXA100MS-27MAY-0.500,KXA100MS-27MAY-0.750,KXA100MS-27MAY-1.000,KXA100MS-27MAY-1.250,KXA100MS-27MAY-1.500"
2026-08-05T04:27:53.003248+00:00,2026-08-05T04:27:53.003233+00:00,KXA100MS-27FEB,liquidity,other,7,105.0000,15.0000,1000.00,2026-08-15T04:01:50.733922+00:00,239.57,Medium-High,34.5,"Post qualifying resting limit orders during the active window; score depends on size, uptime, and distance from best bid/ask.","Unfilled orders may score, but fills create inventory. Target is about 1000 contracts per market; worst-case contract exposure can approach $1 per filled contract before offsetting exits.",Read-only discovery and paper scoring only; live orders require human approval.,"KXA100MS-27FEB-0.500,KXA100MS-27FEB-0.750,KXA100MS-27FEB-1.000,KXA100MS-27FEB-1.250,KXA100MS-27FEB-1.500"
2026-08-05T04:27:53.003248+00:00,2026-08-05T04:27:53.003233+00:00,KXA100MS-27JUL,liquidity,other,7,105.0000,15.0000,1000.00,2026-08-15T04:01:50.733922+00:00,239.57,Medium-High,34.5,"Post qualifying resting limit orders during the active window; score depends on size, uptime, and distance from best bid/ask.","Unfilled orders may score, but fills create inventory. Target is about 1000 contracts per market; worst-case contract exposure can approach $1 per filled contract before offsetting exits.",Read-only discovery and paper scoring only; live orders require human approval.,"KXA100MS-27JUL-0.500,KXA100MS-27JUL-0.750,KXA100MS-27JUL-1.000,KXA100MS-27JUL-1.250,KXA100MS-27JUL-1.500"
2026-08-05T04:27:53.003248+00:00,2026-08-05T04:27:53.003233+00:00,KXA100MS-27MAR,liquidity,other,7,105.0000,15.0000,1000.00,2026-08-15T04:01:50.733922+00:00,239.57,Medium-High,34.5,"Post qualifying resting limit orders during the active window; score depends on size, uptime, and distance from best bid/ask.","Unfilled orders may score, but fills create inventory. Target is about 1000 contracts per market; worst-case contract exposure can approach $1 per filled contract before offsetting exits.",Read-only discovery and paper scoring only; live orders require human approval.,"KXA100MS-27MAR-0.500,KXA100MS-27MAR-0.750,KXA100MS-27MAR-1.000,KXA100MS-27MAR-1.250,KXA100MS-27MAR-1.500"
2026-08-05T04:27:53.003248+00:00,2026-08-05T04:27:53.003233+00:00,KXA100MS-26AUG,liquidity,other,7,105.0000,15.0000,1000.00,2026-08-15T04:01:50.733922+00:00,239.57,Medium-High,34.5,"Post qualifying resting limit orders during the active window; score depends on size, uptime, and distance from best bid/ask.","Unfilled orders may score, but fills create inventory. Target is about 1000 contracts per market; worst-case contract exposure can approach $1 per filled contract before offsetting exits.",Read-only discovery and paper scoring only; live orders require human approval.,"KXA100MS-26AUG-0.500,KXA100MS-26AUG-0.750,KXA100MS-26AUG-1.000,KXA100MS-26AUG-1.250,KXA100MS-26AUG-1.500"
2026-08-05T04:27:53.003248+00:00,2026-08-05T04:27:53.003233+00:00,KXA100MS-27JAN,liquidity,other,7,105.0000,15.0000,1000.00,2026-08-15T04:01:50.733922+00:00,239.57,Medium-High,34.5,"Post qualifying resting limit orders during the active window; score depends on size, uptime, and distance from best bid/ask.","Unfilled orders may score, but fills create inventory. Target is about 1000 contracts per market; worst-case contract exposure can approach $1 per filled contract before offsetting exits.",Read-only discovery and paper scoring only; live orders require human approval.,"KXA100MS-27JAN-0.500,KXA100MS-27JAN-0.750,KXA100MS-27JAN-1.000,KXA100MS-27JAN-1.250,KXA100MS-27JAN-1.500"
2026-08-05T04:27:53.003248+00:00,2026-08-05T04:27:53.003233+00:00,KXH100MAX-26DEC31,liquidity,other,6,90.0000,15.0000,1000.00,2026-08-15T04:01:50.733922+00:00,239.57,Medium-High,34.5,"Post qualifying resting limit orders during the active window; score depends on size, uptime, and distance from best bid/ask.","Unfilled orders may score, but fills create inventory. Target is about 1000 contracts per market; worst-case contract exposure can approach $1 per filled contract before offsetting exits.",Read-only discovery and paper scoring only; live orders require human approval.,"KXH100MAX-26DEC31-3.230,KXH100MAX-26DEC31-3.380,KXH100MAX-26DEC31-3.530,KXH100MAX-26DEC31-3.680,KXH100MAX-26DEC31-3.830"
2026-08-05T04:27:53.003248+00:00,2026-08-05T04:27:53.003233+00:00,KXH200MAX-26DEC31,liquidity,other,5,75.0000,15.0000,1000.00,2026-08-15T04:01:50.733922+00:00,239.57,Medium-High,34.5,"Post qualifying resting limit orders during the active window; score depends on size, uptime, and distance from best bid/ask.","Unfilled orders may score, but fills create inventory. Target is about 1000 contracts per market; worst-case contract exposure can approach $1 per filled contract before offsetting exits.",Read-only discovery and paper scoring only; live orders require human approval.,"KXH200MAX-26DEC31-5.490,KXH200MAX-26DEC31-5.790,KXH200MAX-26DEC31-6.090,KXH200MAX-26DEC31-6.390,KXH200MAX-26DEC31-6.690"
2026-08-05T04:27:53.003248+00:00,2026-08-05T04:27:53.003233+00:00,KXNFLTD-26AUG06CARARI-ARIJLOVE4,liquidity,other,2,100.0000,50.0000,1000.00,2026-08-06T03:59:00+00:00,23.52,Medium-High,32.8,"Post qualifying resting limit orders during the active window; score depends on size, uptime, and distance from best bid/ask.","Unfilled orders may score, but fills create inventory. Target is about 1000 contracts per market; worst-case contract exposure can approach $1 per filled contract before offsetting exits.",Read-only discovery and paper scoring only; live orders require human approval.,"KXNFLTD-26AUG06CARARI-ARIJLOVE4-1,KXNFLTD-26AUG06CARARI-ARIJLOVE4-2"
2026-08-05T04:27:53.003248+00:00,2026-08-05T04:27:53.003233+00:00,KXNFLPASSYDS-26AUG06CARARI-CARKPICKETT12,liquidity,other,2,100.0000,50.0000,1000.00,2026-08-06T03:59:00+00:00,23.52,Medium-High,32.8,"Post qualifying resting limit orders during the active window; score depends on size, uptime, and distance from best bid/ask.","Unfilled orders may score, but fills create inventory. Target is about 1000 contracts per market; worst-case contract exposure can approach $1 per filled contract before offsetting exits.",Read-only discovery and paper scoring only; live orders require human approval.,"KXNFLPASSYDS-26AUG06CARARI-CARKPICKETT12-100,KXNFLPASSYDS-26AUG06CARARI-CARKPICKETT12-50"
2026-08-05T04:27:53.003248+00:00,2026-08-05T04:27:53.003233+00:00,KXNFLRSHYDS-26AUG06CARARI-CARHKING16,liquidity,other,1,50.0000,50.0000,1000.00,2026-08-06T03:59:00+00:00,23.52,Medium-High,32.8,"Post qualifying resting limit orders during the active window; score depends on size, uptime, and distance from best bid/ask.","Unfilled orders may score, but fills create inventory. Target is about 1000 contracts per market; worst-case contract exposure can approach $1 per filled contract before offsetting exits.",Read-only discovery and paper scoring only; live orders require human approval.,KXNFLRSHYDS-26AUG06CARARI-CARHKING16-25
2026-08-05T04:27:53.003248+00:00,2026-08-05T04:27:53.003233+00:00,KXNFLPASSYDS-26AUG06CARARI-CARHKING16,liquidity,other,1,50.0000,50.0000,1000.00,2026-08-06T03:59:00+00:00,23.52,Medium-High,32.8,"Post qualifying resting limit orders during the active window; score depends on size, uptime, and distance from best bid/ask.","Unfilled orders may score, but fills create inventory. Target is about 1000 contracts per market; worst-case contract exposure can approach $1 per filled contract before offsetting exits.",Read-only discovery and paper scoring only; live orders require human approval.,KXNFLPASSYDS-26AUG06CARARI-CARHKING16-50
2026-08-05T04:27:53.003248+00:00,2026-08-05T04:27:53.003233+00:00,KXNFLTD-26AUG06CARARI-CARHKING16,liquidity,other,1,50.0000,50.0000,1000.00,2026-08-06T03:59:00+00:00,23.52,Medium-High,32.8,"Post qualifying resting limit orders during the active window; score depends on size, uptime, and distance from best bid/ask.","Unfilled orders may score, but fills create inventory. Target is about 1000 contracts per market; worst-case contract exposure can approach $1 per filled contract before offsetting exits.",Read-only discovery and paper scoring only; live orders require human approval.,KXNFLTD-26AUG06CARARI-CARHKING16-1
2026-08-05T04:27:53.003248+00:00,2026-08-05T04:27:53.003233+00:00,KXNFLTD-26AUG06CARARI-CARTETIENNE23,liquidity,other,1,50.0000,50.0000,1000.00,2026-08-06T03:59:00+00:00,23.52,Medium-High,32.8,"Post qualifying resting limit orders during the active window; score depends on size, uptime, and distance from best bid/ask.","Unfilled orders may score, but fills create inventory. Target is about 1000 contracts per market; worst-case contract exposure can approach $1 per filled contract before offsetting exits.",Read-only discovery and paper scoring only; live orders require human approval.,KXNFLTD-26AUG06CARARI-CARTETIENNE23-1
2026-08-05T04:27:53.003248+00:00,2026-08-05T04:27:53.003233+00:00,KXTRUMPMENTION-26AUG04,liquidity,politics/policy,35,3500.0000,100.0000,1000.00,2026-08-19T14:00:00+00:00,345.54,High,32.5,"Post qualifying resting limit orders during the active window; score depends on size, uptime, and distance from best bid/ask.","Unfilled orders may score, but fills create inventory. Target is about 1000 contracts per market; worst-case contract exposure can approach $1 per filled contract before offsetting exits.",Read-only discovery and paper scoring only; live orders require human approval.,"KXTRUMPMENTION-26AUG04-AFFO,KXTRUMPMENTION-26AUG04-AI,KXTRUMPMENTION-26AUG04-AMER,KXTRUMPMENTION-26AUG04-BARA,KXTRUMPMENTION-26AUG04-BIDE"
2026-08-05T04:27:53.003248+00:00,2026-08-05T04:27:53.003233+00:00,KXTRUMPMENTION-26AUG05,liquidity,politics/policy,33,3300.0000,100.0000,1000.00,2026-08-20T14:00:00+00:00,369.54,High,32.5,"Post qualifying resting limit orders during the active window; score depends on size, uptime, and distance from best bid/ask.","Unfilled orders may score, but fills create inventory. Target is about 1000 contracts per market; worst-case contract exposure can approach $1 per filled contract before offsetting exits.",Read-only discovery and paper scoring only; live orders require human approval.,"KXTRUMPMENTION-26AUG05-AFFO,KXTRUMPMENTION-26AUG05-AI,KXTRUMPMENTION-26AUG05-AMER,KXTRUMPMENTION-26AUG05-AMERD,KXTRUMPMENTION-26AUG05-BARA"
2026-08-05T04:27:53.003248+00:00,2026-08-05T04:27:53.003233+00:00,KXTRUMPSAYMONTH-26SEP01,liquidity,politics/policy,31,3100.0000,100.0000,1000.00,2026-08-15T04:00:00+00:00,239.54,High,32.5,"Post qualifying resting limit orders during the active window; score depends on size, uptime, and distance from best bid/ask.","Unfilled orders may score, but fills create inventory. Target is about 1000 contracts per market; worst-case contract exposure can approach $1 per filled contract before offsetting exits.",Read-only discovery and paper scoring only; live orders require human approval.,"KXTRUMPSAYMONTH-26SEP01-AMER,KXTRUMPSAYMONTH-26SEP01-ANTI,KXTRUMPSAYMONTH-26SEP01-AUTI,KXTRUMPSAYMONTH-26SEP01-BARA,KXTRUMPSAYMONTH-26SEP01-COGN"
2026-08-05T04:27:53.003248+00:00,2026-08-05T04:27:53.003233+00:00,KXTRUMPSAYCOMPANY-26SEP01,liquidity,politics/policy,29,2900.0000,100.0000,1000.00,2026-08-15T04:00:00+00:00,239.54,High,32.5,"Post qualifying resting limit orders during the active window; score depends on size, uptime, and distance from best bid/ask.","Unfilled orders may score, but fills create inventory. Target is about 1000 contracts per market; worst-case contract exposure can approach $1 per filled contract before offsetting exits.",Read-only discovery and paper scoring only; live orders require human approval.,"KXTRUMPSAYCOMPANY-26SEP01-AAPL,KXTRUMPSAYCOMPANY-26SEP01-ABNB,KXTRUMPSAYCOMPANY-26SEP01-AMAZ,KXTRUMPSAYCOMPANY-26SEP01-ANTH,KXTRUMPSAYCOMPANY-26SEP01-BLAC"
2026-08-05T04:27:53.003248+00:00,2026-08-05T04:27:53.003233+00:00,KXABNB-26AUGNEB,liquidity,other,10,1000.0000,100.0000,1000.00,2026-08-06T03:59:00+00:00,23.52,Medium-High,31.5,"Post qualifying resting limit orders during the active window; score depends on size, uptime, and distance from best bid/ask.","Unfilled orders may score, but fills create inventory. Target is about 1000 contracts per market; worst-case contract exposure can approach $1 per filled contract before offsetting exits.",Read-only discovery and paper scoring only; live orders require human approval.,"KXABNB-26AUGNEB-145000000,KXABNB-26AUGNEB-146000000,KXABNB-26AUGNEB-148000000,KXABNB-26AUGNEB-149000000,KXABNB-26AUGNEB-P141000000"
2026-08-05T04:27:53.003248+00:00,2026-08-05T04:27:53.003233+00:00,KXMCD-26AUGCOMP,liquidity,other,9,900.0000,100.0000,1000.00,2026-08-06T03:59:00+00:00,23.52,Medium-High,31.5,"Post qualifying resting limit orders during the active window; score depends on size, uptime, and distance from best bid/ask.","Unfilled orders may score, but fills create inventory. Target is about 1000 contracts per market; worst-case contract exposure can approach $1 per filled contract before offsetting exits.",Read-only discovery and paper scoring only; live orders require human approval.,"KXMCD-26AUGCOMP-0,KXMCD-26AUGCOMP-0.5,KXMCD-26AUGCOMP-1.5,KXMCD-26AUGCOMP-2.0,KXMCD-26AUGCOMP-2.5"
2026-08-05T04:27:53.003248+00:00,2026-08-05T04:27:53.003233+00:00,KXDASH-26AUGORDERS,liquidity,other,7,700.0000,100.0000,1000.00,2026-08-06T03:59:00+00:00,23.52,Medium-High,31.5,"Post qualifying resting limit orders during the active window; score depends on size, uptime, and distance from best bid/ask.","Unfilled orders may score, but fills create inventory. Target is about 1000 contracts per market; worst-case contract exposure can approach $1 per filled contract before offsetting exits.",Read-only discovery and paper scoring only; live orders require human approval.,"KXDASH-26AUGORDERS-P1000000000,KXDASH-26AUGORDERS-P1020000000,KXDASH-26AUGORDERS-P1040000000,KXDASH-26AUGORDERS-P1060000000,KXDASH-26AUGORDERS-P940000000"
2026-08-05T04:27:53.003248+00:00,2026-08-05T04:27:53.003233+00:00,KXLYFT-26AUGRIDES,liquidity,other,5,500.0000,100.0000,1000.00,2026-08-06T03:59:00+00:00,23.52,Medium-High,31.5,"Post qualifying resting limit orders during the active window; score depends on size, uptime, and distance from best bid/ask.","Unfilled orders may score, but fills create inventory. Target is about 1000 contracts per market; worst-case contract exposure can approach $1 per filled contract before offsetting exits.",Read-only discovery and paper scoring only; live orders require human approval.,"KXLYFT-26AUGRIDES-P248000000,KXLYFT-26AUGRIDES-P251000000,KXLYFT-26AUGRIDES-P254000000,KXLYFT-26AUGRIDES-P257000000,KXLYFT-26AUGRIDES-P260000000"
2026-08-05T04:27:53.003248+00:00,2026-08-05T04:27:53.003233+00:00,KXMCD-26AUGREST,liquidity,other,5,500.0000,100.0000,1000.00,2026-08-06T03:59:00+00:00,23.52,Medium-High,31.5,"Post qualifying resting limit orders during the active window; score depends on size, uptime, and distance from best bid/ask.","Unfilled orders may score, but fills create inventory. Target is about 1000 contracts per market; worst-case contract exposure can approach $1 per filled contract before offsetting exits.",Read-only discovery and paper scoring only; live orders require human approval.,"KXMCD-26AUGREST-45800,KXMCD-26AUGREST-45900,KXMCD-26AUGREST-46100,KXMCD-26AUGREST-46200,KXMCD-26AUGREST-46300"
2026-08-05T04:27:53.003248+00:00,2026-08-05T04:27:53.003233+00:00,KXSHOP-26AUGGMV,liquidity,other,5,500.0000,100.0000,1000.00,2026-08-06T03:59:00+00:00,23.52,Medium-High,31.5,"Post qualifying resting limit orders during the active window; score depends on size, uptime, and distance from best bid/ask.","Unfilled orders may score, but fills create inventory. Target is about 1000 contracts per market; worst-case contract exposure can approach $1 per filled contract before offsetting exits.",Read-only discovery and paper scoring only; live orders require human approval.,"KXSHOP-26AUGGMV-108000000000,KXSHOP-26AUGGMV-112000000000,KXSHOP-26AUGGMV-116000000000,KXSHOP-26AUGGMV-120000000000,KXSHOP-26AUGGMV-124000000000"
2026-08-05T04:27:53.003248+00:00,2026-08-05T04:27:53.003233+00:00,KXB200WS-26AUG28,liquidity,company/tech,33,495.0000,15.0000,1000.00,2026-08-15T04:01:50.733922+00:00,239.57,High,31.5,"Post qualifying resting limit orders during the active window; score depends on size, uptime, and distance from best bid/ask.","Unfilled orders may score, but fills create inventory. Target is about 1000 contracts per market; worst-case contract exposure can approach $1 per filled contract before offsetting exits.",Read-only discovery and paper scoring only; live orders require human approval.,"KXB200WS-26AUG28-10.000,KXB200WS-26AUG28-10.500,KXB200WS-26AUG28-11.000,KXB200WS-26AUG28-11.500,KXB200WS-26AUG28-12.000"
2026-08-05T04:27:53.003248+00:00,2026-08-05T04:27:53.003233+00:00,KXH200WS-26AUG28,liquidity,other,21,315.0000,15.0000,1000.00,2026-08-15T04:01:50.733922+00:00,239.57,High,31.5,"Post qualifying resting limit orders during the active window; score depends on size, uptime, and distance from best bid/ask.","Unfilled orders may score, but fills create inventory. Target is about 1000 contracts per market; worst-case contract exposure can approach $1 per filled contract before offsetting exits.",Read-only discovery and paper scoring only; live orders require human approval.,"KXH200WS-26AUG28-1.500,KXH200WS-26AUG28-10.000,KXH200WS-26AUG28-10.500,KXH200WS-26AUG28-11.000,KXH200WS-26AUG28-11.500"
2026-08-05T04:27:53.003248+00:00,2026-08-05T04:27:53.003233+00:00,KXH100MON-26AUG31,liquidity,other,20,300.0000,15.0000,1000.00,2026-08-16T00:00:00+00:00,259.54,High,31.5,"Post qualifying resting limit orders during the active window; score depends on size, uptime, and distance from best bid/ask.","Unfilled orders may score, but fills create inventory. Target is about 1000 contracts per market; worst-case contract exposure can approach $1 per filled contract before offsetting exits.",Read-only discovery and paper scoring only; live orders require human approval.,"KXH100MON-26AUG31-2.260,KXH100MON-26AUG31-2.310,KXH100MON-26AUG31-2.360,KXH100MON-26AUG31-2.410,KXH100MON-26AUG31-2.460"
2026-08-05T04:27:53.003248+00:00,2026-08-05T04:27:53.003233+00:00,KXH100MS-27AUG,liquidity,other,13,195.0000,15.0000,1000.00,2026-08-15T14:00:00+00:00,249.54,Medium-High,31.5,"Post qualifying resting limit orders during the active window; score depends on size, uptime, and distance from best bid/ask.","Unfilled orders may score, but fills create inventory. Target is about 1000 contracts per market; worst-case contract exposure can approach $1 per filled contract before offsetting exits.",Read-only discovery and paper scoring only; live orders require human approval.,"KXH100MS-27AUG-1.000,KXH100MS-27AUG-1.250,KXH100MS-27AUG-1.500,KXH100MS-27AUG-1.750,KXH100MS-27AUG-2.000"
2026-08-05T04:27:53.003248+00:00,2026-08-05T04:27:53.003233+00:00,KXH200MS-27AUG,liquidity,other,13,195.0000,15.0000,1000.00,2026-08-15T14:00:00+00:00,249.54,Medium-High,31.5,"Post qualifying resting limit orders during the active window; score depends on size, uptime, and distance from best bid/ask.","Unfilled orders may score, but fills create inventory. Target is about 1000 contracts per market; worst-case contract exposure can approach $1 per filled contract before offsetting exits.",Read-only discovery and paper scoring only; live orders require human approval.,"KXH200MS-27AUG-1.000,KXH200MS-27AUG-2.500,KXH200MS-27AUG-3.000,KXH200MS-27AUG-3.500,KXH200MS-27AUG-4.000"
2026-08-05T04:27:53.003248+00:00,2026-08-05T04:27:53.003233+00:00,KXH100WS-26AUG14,liquidity,other,12,180.0000,15.0000,1000.00,2026-08-14T20:00:00+00:00,231.54,Medium-High,31.5,"Post qualifying resting limit orders during the active window; score depends on size, uptime, and distance from best bid/ask.","Unfilled orders may score, but fills create inventory. Target is about 1000 contracts per market; worst-case contract exposure can approach $1 per filled contract before offsetting exits.",Read-only discovery and paper scoring only; live orders require human approval.,"KXH100WS-26AUG14-1.000,KXH100WS-26AUG14-1.250,KXH100WS-26AUG14-1.750,KXH100WS-26AUG14-2.000,KXH100WS-26AUG14-2.250"
2026-08-05T04:27:53.003248+00:00,2026-08-05T04:27:53.003233+00:00,KXH100WS-26AUG28,liquidity,other,12,180.0000,15.0000,1000.00,2026-08-15T04:01:50.733922+00:00,239.57,Medium-High,31.5,"Post qualifying resting limit orders during the active window; score depends on size, uptime, and distance from best bid/ask.","Unfilled orders may score, but fills create inventory. Target is about 1000 contracts per market; worst-case contract exposure can approach $1 per filled contract before offsetting exits.",Read-only discovery and paper scoring only; live orders require human approval.,"KXH100WS-26AUG28-1.000,KXH100WS-26AUG28-1.250,KXH100WS-26AUG28-1.750,KXH100WS-26AUG28-2.000,KXH100WS-26AUG28-2.250"
2026-08-05T04:27:53.003248+00:00,2026-08-05T04:27:53.003233+00:00,KXH100WS-26AUG21,liquidity,other,12,180.0000,15.0000,1000.00,2026-08-15T04:01:50.733922+00:00,239.57,Medium-High,31.5,"Post qualifying resting limit orders during the active window; score depends on size, uptime, and distance from best bid/ask.","Unfilled orders may score, but fills create inventory. Target is about 1000 contracts per market; worst-case contract exposure can approach $1 per filled contract before offsetting exits.",Read-only discovery and paper scoring only; live orders require human approval.,"KXH100WS-26AUG21-1.000,KXH100WS-26AUG21-1.250,KXH100WS-26AUG21-1.750,KXH100WS-26AUG21-2.000,KXH100WS-26AUG21-2.250"
2026-08-05T04:27:53.003248+00:00,2026-08-05T04:27:53.003233+00:00,KXH100WS-26SEP11,liquidity,other,12,180.0000,15.0000,1000.00,2026-08-14T20:41:00+00:00,232.22,Medium-High,31.5,"Post qualifying resting limit orders during the active window; score depends on size, uptime, and distance from best bid/ask.","Unfilled orders may score, but fills create inventory. Target is about 1000 contracts per market; worst-case contract exposure can approach $1 per filled contract before offsetting exits.",Read-only discovery and paper scoring only; live orders require human approval.,"KXH100WS-26SEP11-1.000,KXH100WS-26SEP11-1.250,KXH100WS-26SEP11-1.750,KXH100WS-26SEP11-2.000,KXH100WS-26SEP11-2.250"
2026-08-05T04:27:53.003248+00:00,2026-08-05T04:27:53.003233+00:00,KXH100WS-26SEP04,liquidity,other,12,180.0000,15.0000,1000.00,2026-08-13T00:36:56.609790+00:00,188.15,Medium-High,31.5,"Post qualifying resting limit orders during the active window; score depends on size, uptime, and distance from best bid/ask.","Unfilled orders may score, but fills create inventory. Target is about 1000 contracts per market; worst-case contract exposure can approach $1 per filled contract before offsetting exits.",Read-only discovery and paper scoring only; live orders require human approval.,"KXH100WS-26SEP04-1.000,KXH100WS-26SEP04-1.250,KXH100WS-26SEP04-1.750,KXH100WS-26SEP04-2.000,KXH100WS-26SEP04-2.250"
2026-08-05T04:27:53.003248+00:00,2026-08-05T04:27:53.003233+00:00,KXH200MS-26NOV,liquidity,other,11,165.0000,15.0000,1000.00,2026-08-15T04:01:50.733922+00:00,239.57,Medium-High,31.5,"Post qualifying resting limit orders during the active window; score depends on size, uptime, and distance from best bid/ask.","Unfilled orders may score, but fills create inventory. Target is about 1000 contracts per market; worst-case contract exposure can approach $1 per filled contract before offsetting exits.",Read-only discovery and paper scoring only; live orders require human approval.,"KXH200MS-26NOV-1.500,KXH200MS-26NOV-2.000,KXH200MS-26NOV-2.500,KXH200MS-26NOV-3.000,KXH200MS-26NOV-3.500"
2026-08-05T04:27:53.003248+00:00,2026-08-05T04:27:53.003233+00:00,KXH200MS-26OCT,liquidity,other,11,165.0000,15.0000,1000.00,2026-08-15T04:01:50.733922+00:00,239.57,Medium-High,31.5,"Post qualifying resting limit orders during the active window; score depends on size, uptime, and distance from best bid/ask.","Unfilled orders may score, but fills create inventory. Target is about 1000 contracts per market; worst-case contract exposure can approach $1 per filled contract before offsetting exits.",Read-only discovery and paper scoring only; live orders require human approval.,"KXH200MS-26OCT-1.500,KXH200MS-26OCT-2.000,KXH200MS-26OCT-2.500,KXH200MS-26OCT-3.000,KXH200MS-26OCT-3.500"
2026-08-05T04:27:53.003248+00:00,2026-08-05T04:27:53.003233+00:00,KXH200MS-27FEB,liquidity,other,11,165.0000,15.0000,1000.00,2026-08-15T04:01:50.733922+00:00,239.57,Medium-High,31.5,"Post qualifying resting limit orders during the active window; score depends on size, uptime, and distance from best bid/ask.","Unfilled orders may score, but fills create inventory. Target is about 1000 contracts per market; worst-case contract exposure can approach $1 per filled contract before offsetting exits.",Read-only discovery and paper scoring only; live orders require human approval.,"KXH200MS-27FEB-1.500,KXH200MS-27FEB-2.000,KXH200MS-27FEB-2.500,KXH200MS-27FEB-3.000,KXH200MS-27FEB-3.500"
2026-08-05T04:27:53.003248+00:00,2026-08-05T04:27:53.003233+00:00,KXH200MS-26SEP,liquidity,other,11,165.0000,15.0000,1000.00,2026-08-15T04:01:50.733922+00:00,239.57,Medium-High,31.5,"Post qualifying resting limit orders during the active window; score depends on size, uptime, and distance from best bid/ask.","Unfilled orders may score, but fills create inventory. Target is about 1000 contracts per market; worst-case contract exposure can approach $1 per filled contract before offsetting exits.",Read-only discovery and paper scoring only; live orders require human approval.,"KXH200MS-26SEP-1.500,KXH200MS-26SEP-2.000,KXH200MS-26SEP-2.500,KXH200MS-26SEP-3.000,KXH200MS-26SEP-3.500"
2026-08-05T04:27:53.003248+00:00,2026-08-05T04:27:53.003233+00:00,KXH200MS-27MAY,liquidity,other,11,165.0000,15.0000,1000.00,2026-08-15T04:01:50.733922+00:00,239.57,Medium-High,31.5,"Post qualifying resting limit orders during the active window; score depends on size, uptime, and distance from best bid/ask.","Unfilled orders may score, but fills create inventory. Target is about 1000 contracts per market; worst-case contract exposure can approach $1 per filled contract before offsetting exits.",Read-only discovery and paper scoring only; live orders require human approval.,"KXH200MS-27MAY-1.500,KXH200MS-27MAY-2.000,KXH200MS-27MAY-2.500,KXH200MS-27MAY-3.000,KXH200MS-27MAY-3.500"
2026-08-05T04:27:53.003248+00:00,2026-08-05T04:27:53.003233+00:00,KXH200WS-26AUG21,liquidity,other,11,165.0000,15.0000,1000.00,2026-08-15T04:01:50.733922+00:00,239.57,Medium-High,31.5,"Post qualifying resting limit orders during the active window; score depends on size, uptime, and distance from best bid/ask.","Unfilled orders may score, but fills create inventory. Target is about 1000 contracts per market; worst-case contract exposure can approach $1 per filled contract before offsetting exits.",Read-only discovery and paper scoring only; live orders require human approval.,"KXH200WS-26AUG21-1.500,KXH200WS-26AUG21-2.000,KXH200WS-26AUG21-2.500,KXH200WS-26AUG21-3.000,KXH200WS-26AUG21-3.500"
2026-08-05T04:27:53.003248+00:00,2026-08-05T04:27:53.003233+00:00,KXH200MS-27APR,liquidity,other,11,165.0000,15.0000,1000.00,2026-08-15T04:01:50.733922+00:00,239.57,Medium-High,31.5,"Post qualifying resting limit orders during the active window; score depends on size, uptime, and distance from best bid/ask.","Unfilled orders may score, but fills create inventory. Target is about 1000 contracts per market; worst-case contract exposure can approach $1 per filled contract before offsetting exits.",Read-only discovery and paper scoring only; live orders require human approval.,"KXH200MS-27APR-1.500,KXH200MS-27APR-2.000,KXH200MS-27APR-2.500,KXH200MS-27APR-3.000,KXH200MS-27APR-3.500"
2026-08-05T04:27:53.003248+00:00,2026-08-05T04:27:53.003233+00:00,KXH200WS-26AUG14,liquidity,other,11,165.0000,15.0000,1000.00,2026-08-14T20:00:00+00:00,231.54,Medium-High,31.5,"Post qualifying resting limit orders during the active window; score depends on size, uptime, and distance from best bid/ask.","Unfilled orders may score, but fills create inventory. Target is about 1000 contracts per market; worst-case contract exposure can approach $1 per filled contract before offsetting exits.",Read-only discovery and paper scoring only; live orders require human approval.,"KXH200WS-26AUG14-1.500,KXH200WS-26AUG14-2.000,KXH200WS-26AUG14-2.500,KXH200WS-26AUG14-3.000,KXH200WS-26AUG14-3.500"
2026-08-05T04:27:53.003248+00:00,2026-08-05T04:27:53.003233+00:00,KXH200MS-27JUN,liquidity,other,11,165.0000,15.0000,1000.00,2026-08-15T04:01:50.733922+00:00,239.57,Medium-High,31.5,"Post qualifying resting limit orders during the active window; score depends on size, uptime, and distance from best bid/ask.","Unfilled orders may score, but fills create inventory. Target is about 1000 contracts per market; worst-case contract exposure can approach $1 per filled contract before offsetting exits.",Read-only discovery and paper scoring only; live orders require human approval.,"KXH200MS-27JUN-1.500,KXH200MS-27JUN-2.000,KXH200MS-27JUN-2.500,KXH200MS-27JUN-3.000,KXH200MS-27JUN-3.500"
2026-08-05T04:27:53.003248+00:00,2026-08-05T04:27:53.003233+00:00,KXH200MS-26DEC,liquidity,other,11,165.0000,15.0000,1000.00,2026-08-15T04:01:50.733922+00:00,239.57,Medium-High,31.5,"Post qualifying resting limit orders during the active window; score depends on size, uptime, and distance from best bid/ask.","Unfilled orders may score, but fills create inventory. Target is about 1000 contracts per market; worst-case contract exposure can approach $1 per filled contract before offsetting exits.",Read-only discovery and paper scoring only; live orders require human approval.,"KXH200MS-26DEC-1.500,KXH200MS-26DEC-2.000,KXH200MS-26DEC-2.500,KXH200MS-26DEC-3.000,KXH200MS-26DEC-3.500"
2026-08-05T04:27:53.003248+00:00,2026-08-05T04:27:53.003233+00:00,KXH200MS-26AUG,liquidity,other,11,165.0000,15.0000,1000.00,2026-08-15T04:01:50.733922+00:00,239.57,Medium-High,31.5,"Post qualifying resting limit orders during the active window; score depends on size, uptime, and distance from best bid/ask.","Unfilled orders may score, but fills create inventory. Target is about 1000 contracts per market; worst-case contract exposure can approach $1 per filled contract before offsetting exits.",Read-only discovery and paper scoring only; live orders require human approval.,"KXH200MS-26AUG-1.500,KXH200MS-26AUG-2.000,KXH200MS-26AUG-2.500,KXH200MS-26AUG-3.000,KXH200MS-26AUG-3.500"
2026-08-05T04:27:53.003248+00:00,2026-08-05T04:27:53.003233+00:00,KXH200MS-27JAN,liquidity,other,11,165.0000,15.0000,1000.00,2026-08-15T04:01:50.733922+00:00,239.57,Medium-High,31.5,"Post qualifying resting limit orders during the active window; score depends on size, uptime, and distance from best bid/ask.","Unfilled orders may score, but fills create inventory. Target is about 1000 contracts per market; worst-case contract exposure can approach $1 per filled contract before offsetting exits.",Read-only discovery and paper scoring only; live orders require human approval.,"KXH200MS-27JAN-1.500,KXH200MS-27JAN-2.000,KXH200MS-27JAN-2.500,KXH200MS-27JAN-3.000,KXH200MS-27JAN-3.500"
2026-08-05T04:27:53.003248+00:00,2026-08-05T04:27:53.003233+00:00,KXH200MS-27MAR,liquidity,other,11,165.0000,15.0000,1000.00,2026-08-15T04:01:50.733922+00:00,239.57,Medium-High,31.5,"Post qualifying resting limit orders during the active window; score depends on size, uptime, and distance from best bid/ask.","Unfilled orders may score, but fills create inventory. Target is about 1000 contracts per market; worst-case contract exposure can approach $1 per filled contract before offsetting exits.",Read-only discovery and paper scoring only; live orders require human approval.,"KXH200MS-27MAR-1.500,KXH200MS-27MAR-2.000,KXH200MS-27MAR-2.500,KXH200MS-27MAR-3.000,KXH200MS-27MAR-3.500"
2026-08-05T04:27:53.003248+00:00,2026-08-05T04:27:53.003233+00:00,KXH200WS-26SEP11,liquidity,other,11,165.0000,15.0000,1000.00,2026-08-14T20:41:00+00:00,232.22,Medium-High,31.5,"Post qualifying resting limit orders during the active window; score depends on size, uptime, and distance from best bid/ask.","Unfilled orders may score, but fills create inventory. Target is about 1000 contracts per market; worst-case contract exposure can approach $1 per filled contract before offsetting exits.",Read-only discovery and paper scoring only; live orders require human approval.,"KXH200WS-26SEP11-1.500,KXH200WS-26SEP11-2.000,KXH200WS-26SEP11-2.500,KXH200WS-26SEP11-3.000,KXH200WS-26SEP11-3.500"
2026-08-05T04:27:53.003248+00:00,2026-08-05T04:27:53.003233+00:00,KXH200WS-26SEP04,liquidity,other,11,165.0000,15.0000,1000.00,2026-08-13T00:36:56.609790+00:00,188.15,Medium-High,31.5,"Post qualifying resting limit orders during the active window; score depends on size, uptime, and distance from best bid/ask.","Unfilled orders may score, but fills create inventory. Target is about 1000 contracts per market; worst-case contract exposure can approach $1 per filled contract before offsetting exits.",Read-only discovery and paper scoring only; live orders require human approval.,"KXH200WS-26SEP04-1.500,KXH200WS-26SEP04-2.000,KXH200WS-26SEP04-2.500,KXH200WS-26SEP04-3.000,KXH200WS-26SEP04-3.500"
2026-08-05T04:27:53.003248+00:00,2026-08-05T04:27:53.003233+00:00,KXTRUEV-26AUG05,liquidity,other,4,320.0000,80.0000,1000.00,2026-08-06T03:59:00+00:00,23.52,Medium-High,30.8,"Post qualifying resting limit orders during the active window; score depends on size, uptime, and distance from best bid/ask.","Unfilled orders may score, but fills create inventory. Target is about 1000 contracts per market; worst-case contract exposure can approach $1 per filled contract before offsetting exits.",Read-only discovery and paper scoring only; live orders require human approval.,"KXTRUEV-26AUG05-T1156.05,KXTRUEV-26AUG05-T1166.05,KXTRUEV-26AUG05-T1176.05,KXTRUEV-26AUG05-T1186.05"
2026-08-05T04:27:53.003248+00:00,2026-08-05T04:27:53.003233+00:00,KXNFLRSHYDS-26AUG06CARARI-ARIJLOVE4,liquidity,other,5,250.0000,50.0000,1000.00,2026-08-06T03:59:00+00:00,23.52,Medium-High,29.8,"Post qualifying resting limit orders during the active window; score depends on size, uptime, and distance from best bid/ask.","Unfilled orders may score, but fills create inventory. Target is about 1000 contracts per market; worst-case contract exposure can approach $1 per filled contract before offsetting exits.",Read-only discovery and paper scoring only; live orders require human approval.,"KXNFLRSHYDS-26AUG06CARARI-ARIJLOVE4-100,KXNFLRSHYDS-26AUG06CARARI-ARIJLOVE4-25,KXNFLRSHYDS-26AUG06CARARI-ARIJLOVE4-40,KXNFLRSHYDS-26AUG06CARARI-ARIJLOVE4-50,KXNFLRSHYDS-26AUG06CARARI-ARIJLOVE4-75"
2026-08-05T04:27:53.003248+00:00,2026-08-05T04:27:53.003233+00:00,KXNFLPASSYDS-26AUG06CARARI-ARICBECKQB,liquidity,other,4,200.0000,50.0000,1000.00,2026-08-06T03:59:00+00:00,23.52,Medium-High,29.8,"Post qualifying resting limit orders during the active window; score depends on size, uptime, and distance from best bid/ask.","Unfilled orders may score, but fills create inventory. Target is about 1000 contracts per market; worst-case contract exposure can approach $1 per filled contract before offsetting exits.",Read-only discovery and paper scoring only; live orders require human approval.,"KXNFLPASSYDS-26AUG06CARARI-ARICBECKQB-100,KXNFLPASSYDS-26AUG06CARARI-ARICBECKQB-150,KXNFLPASSYDS-26AUG06CARARI-ARICBECKQB-200,KXNFLPASSYDS-26AUG06CARARI-ARICBECKQB-75"
2026-08-05T04:27:53.003248+00:00,2026-08-05T04:27:53.003233+00:00,KXRAIN-26AUG05,liquidity,other,20,2000.0000,100.0000,1000.00,2026-08-06T04:00:00+00:00,23.54,High,28.5,"Post qualifying resting limit orders during the active window; score depends on size, uptime, and distance from best bid/ask.","Unfilled orders may score, but fills create inventory. Target is about 1000 contracts per market; worst-case contract exposure can approach $1 per filled contract before offsetting exits.",Read-only discovery and paper scoring only; live orders require human approval.,"KXRAIN-26AUG05-ATL,KXRAIN-26AUG05-AUS,KXRAIN-26AUG05-BOS,KXRAIN-26AUG05-CHI,KXRAIN-26AUG05-DAL"
2026-08-05T04:27:53.003248+00:00,2026-08-05T04:27:53.003233+00:00,KXEARNINGSMENTIONUBER-26AUG05,liquidity,other,20,2000.0000,100.0000,1000.00,2026-08-06T03:59:00+00:00,23.52,High,28.5,"Post qualifying resting limit orders during the active window; score depends on size, uptime, and distance from best bid/ask.","Unfilled orders may score, but fills create inventory. Target is about 1000 contracts per market; worst-case contract exposure can approach $1 per filled contract before offsetting exits.",Read-only discovery and paper scoring only; live orders require human approval.,"KXEARNINGSMENTIONUBER-26AUG05-AVRI,KXEARNINGSMENTIONUBER-26AUG05-DELIV,KXEARNINGSMENTIONUBER-26AUG05-DOOR,KXEARNINGSMENTIONUBER-26AUG05-DRON,KXEARNINGSMENTIONUBER-26AUG05-EXPA"
2026-08-05T04:27:53.003248+00:00,2026-08-05T04:27:53.003233+00:00,KXEARNINGSMENTIONDIS-26AUG05,liquidity,other,17,1700.0000,100.0000,1000.00,2026-08-06T03:59:00+00:00,23.52,Medium-High,28.5,"Post qualifying resting limit orders during the active window; score depends on size, uptime, and distance from best bid/ask.","Unfilled orders may score, but fills create inventory. Target is about 1000 contracts per market; worst-case contract exposure can approach $1 per filled contract before offsetting exits.",Read-only discovery and paper scoring only; live orders require human approval.,"KXEARNINGSMENTIONDIS-26AUG05-ABU,KXEARNINGSMENTIONDIS-26AUG05-ARTI,KXEARNINGSMENTIONDIS-26AUG05-ATTE,KXEARNINGSMENTIONDIS-26AUG05-BOXO,KXEARNINGSMENTIONDIS-26AUG05-BUYB"
2026-08-05T04:27:53.003248+00:00,2026-08-05T04:27:53.003233+00:00,KXEARNINGSMENTIONDASH-26AUG05,liquidity,other,16,1600.0000,100.0000,1000.00,2026-08-06T03:59:00+00:00,23.52,Medium-High,28.5,"Post qualifying resting limit orders during the active window; score depends on size, uptime, and distance from best bid/ask.","Unfilled orders may score, but fills create inventory. Target is about 1000 contracts per market; worst-case contract exposure can approach $1 per filled contract before offsetting exits.",Read-only discovery and paper scoring only; live orders require human approval.,"KXEARNINGSMENTIONDASH-26AUG05-AFFO,KXEARNINGSMENTIONDASH-26AUG05-AUTO,KXEARNINGSMENTIONDASH-26AUG05-DASH,KXEARNINGSMENTIONDASH-26AUG05-DELI,KXEARNINGSMENTIONDASH-26AUG05-DRON"
2026-08-05T04:27:53.003248+00:00,2026-08-05T04:27:53.003233+00:00,KXEARNINGSMENTIONEBAY-26AUG05,liquidity,other,15,1500.0000,100.0000,1000.00,2026-08-06T03:59:00+00:00,23.52,Medium-High,28.5,"Post qualifying resting limit orders during the active window; score depends on size, uptime, and distance from best bid/ask.","Unfilled orders may score, but fills create inventory. Target is about 1000 contracts per market; worst-case contract exposure can approach $1 per filled contract before offsetting exits.",Read-only discovery and paper scoring only; live orders require human approval.,"KXEARNINGSMENTIONEBAY-26AUG05-AI,KXEARNINGSMENTIONEBAY-26AUG05-AUST,KXEARNINGSMENTIONEBAY-26AUG05-BULL,KXEARNINGSMENTIONEBAY-26AUG05-CIRC,KXEARNINGSMENTIONEBAY-26AUG05-DEPO"
2026-08-05T04:27:53.003248+00:00,2026-08-05T04:27:53.003233+00:00,KXEARNINGSMENTIONSHOP-26AUG05,liquidity,other,14,1400.0000,100.0000,1000.00,2026-08-06T03:59:00+00:00,23.52,Medium-High,28.5,"Post qualifying resting limit orders during the active window; score depends on size, uptime, and distance from best bid/ask.","Unfilled orders may score, but fills create inventory. Target is about 1000 contracts per market; worst-case contract exposure can approach $1 per filled contract before offsetting exits.",Read-only discovery and paper scoring only; live orders require human approval.,"KXEARNINGSMENTIONSHOP-26AUG05-ACQU,KXEARNINGSMENTIONSHOP-26AUG05-AMAZ,KXEARNINGSMENTIONSHOP-26AUG05-AUTO,KXEARNINGSMENTIONSHOP-26AUG05-HEAD,KXEARNINGSMENTIONSHOP-26AUG05-KLAR"
2026-08-05T04:27:53.003248+00:00,2026-08-05T04:27:53.003233+00:00,KXEARNINGSMENTIONFIG-26AUG05,liquidity,other,14,1400.0000,100.0000,1000.00,2026-08-06T03:59:00+00:00,23.52,Medium-High,28.5,"Post qualifying resting limit orders during the active window; score depends on size, uptime, and distance from best bid/ask.","Unfilled orders may score, but fills create inventory. Target is about 1000 contracts per market; worst-case contract exposure can approach $1 per filled contract before offsetting exits.",Read-only discovery and paper scoring only; live orders require human approval.,"KXEARNINGSMENTIONFIG-26AUG05-AI,KXEARNINGSMENTIONFIG-26AUG05-ANTH,KXEARNINGSMENTIONFIG-26AUG05-CODE,KXEARNINGSMENTIONFIG-26AUG05-CODI,KXEARNINGSMENTIONFIG-26AUG05-COLO"
2026-08-05T04:27:53.003248+00:00,2026-08-05T04:27:53.003233+00:00,KXEARNINGSMENTIONMELI-26AUG05,liquidity,other,14,1400.0000,100.0000,1000.00,2026-08-06T03:59:00+00:00,23.52,Medium-High,28.5,"Post qualifying resting limit orders during the active window; score depends on size, uptime, and distance from best bid/ask.","Unfilled orders may score, but fills create inventory. Target is about 1000 contracts per market; worst-case contract exposure can approach $1 per filled contract before offsetting exits.",Read-only discovery and paper scoring only; live orders require human approval.,"KXEARNINGSMENTIONMELI-26AUG05-ADVE,KXEARNINGSMENTIONMELI-26AUG05-AI,KXEARNINGSMENTIONMELI-26AUG05-AMAZ,KXEARNINGSMENTIONMELI-26AUG05-AUTH,KXEARNINGSMENTIONMELI-26AUG05-AUTO"
2026-08-05T04:27:53.003248+00:00,2026-08-05T04:27:53.003233+00:00,KXEARNINGSMENTIONDUOL-26AUG05,liquidity,other,14,1400.0000,100.0000,1000.00,2026-08-06T03:59:00+00:00,23.52,Medium-High,28.5,"Post qualifying resting limit orders during the active window; score depends on size, uptime, and distance from best bid/ask.","Unfilled orders may score, but fills create inventory. Target is about 1000 contracts per market; worst-case contract exposure can approach $1 per filled contract before offsetting exits.",Read-only discovery and paper scoring only; live orders require human approval.,"KXEARNINGSMENTIONDUOL-26AUG05-100,KXEARNINGSMENTIONDUOL-26AUG05-ASIA,KXEARNINGSMENTIONDUOL-26AUG05-CHAT,KXEARNINGSMENTIONDUOL-26AUG05-CHES,KXEARNINGSMENTIONDUOL-26AUG05-CHIN"
2026-08-05T04:27:53.003248+00:00,2026-08-05T04:27:53.003233+00:00,KXEARNINGSMENTIONYOU-26AUG05,liquidity,other,13,1300.0000,100.0000,1000.00,2026-08-06T03:59:00+00:00,23.52,Medium-High,28.5,"Post qualifying resting limit orders during the active window; score depends on size, uptime, and distance from best bid/ask.","Unfilled orders may score, but fills create inventory. Target is about 1000 contracts per market; worst-case contract exposure can approach $1 per filled contract before offsetting exits.",Read-only discovery and paper scoring only; live orders require human approval.,"KXEARNINGSMENTIONYOU-26AUG05-AGEN,KXEARNINGSMENTIONYOU-26AUG05-AMEX,KXEARNINGSMENTIONYOU-26AUG05-EPIC,KXEARNINGSMENTIONYOU-26AUG05-FEDR,KXEARNINGSMENTIONYOU-26AUG05-GOVT"
2026-08-05T04:27:53.003248+00:00,2026-08-05T04:27:53.003233+00:00,KXEARNINGSMENTIONTLN-26AUG05,liquidity,other,12,1200.0000,100.0000,1000.00,2026-08-06T03:59:00+00:00,23.52,Medium-High,28.5,"Post qualifying resting limit orders during the active window; score depends on size, uptime, and distance from best bid/ask.","Unfilled orders may score, but fills create inventory. Target is about 1000 contracts per market; worst-case contract exposure can approach $1 per filled contract before offsetting exits.",Read-only discovery and paper scoring only; live orders require human approval.,"KXEARNINGSMENTIONTLN-26AUG05-AFFO,KXEARNINGSMENTIONTLN-26AUG05-AMAZ,KXEARNINGSMENTIONTLN-26AUG05-ANTH,KXEARNINGSMENTIONTLN-26AUG05-BEHI,KXEARNINGSMENTIONTLN-26AUG05-BITC"
2026-08-05T04:27:53.003248+00:00,2026-08-05T04:27:53.003233+00:00,KXUST10AD-26AUG05,liquidity,other,15,1200.0000,80.0000,1000.00,2026-08-05T19:30:00+00:00,15.04,Medium-High,27.8,"Post qualifying resting limit orders during the active window; score depends on size, uptime, and distance from best bid/ask.","Unfilled orders may score, but fills create inventory. Target is about 1000 contracts per market; worst-case contract exposure can approach $1 per filled contract before offsetting exits.",Read-only discovery and paper scoring only; live orders require human approval.,"KXUST10AD-26AUG05-T4.55,KXUST10AD-26AUG05-T4.57,KXUST10AD-26AUG05-T4.59,KXUST10AD-26AUG05-T4.61,KXUST10AD-26AUG05-T4.63"
2026-08-05T04:27:53.003248+00:00,2026-08-05T04:27:53.003233+00:00,KXUST2AD-26AUG05,liquidity,other,15,1200.0000,80.0000,1000.00,2026-08-05T19:30:00+00:00,15.04,Medium-High,27.8,"Post qualifying resting limit orders during the active window; score depends on size, uptime, and distance from best bid/ask.","Unfilled orders may score, but fills create inventory. Target is about 1000 contracts per market; worst-case contract exposure can approach $1 per filled contract before offsetting exits.",Read-only discovery and paper scoring only; live orders require human approval.,"KXUST2AD-26AUG05-T4.10,KXUST2AD-26AUG05-T4.12,KXUST2AD-26AUG05-T4.14,KXUST2AD-26AUG05-T4.16,KXUST2AD-26AUG05-T4.18"
2026-08-05T04:27:53.003248+00:00,2026-08-05T04:27:53.003233+00:00,KXUST30AD-26AUG05,liquidity,other,15,1200.0000,80.0000,1000.00,2026-08-05T19:30:00+00:00,15.04,Medium-High,27.8,"Post qualifying resting limit orders during the active window; score depends on size, uptime, and distance from best bid/ask.","Unfilled orders may score, but fills create inventory. Target is about 1000 contracts per market; worst-case contract exposure can approach $1 per filled contract before offsetting exits.",Read-only discovery and paper scoring only; live orders require human approval.,"KXUST30AD-26AUG05-T5.10,KXUST30AD-26AUG05-T5.12,KXUST30AD-26AUG05-T5.14,KXUST30AD-26AUG05-T5.16,KXUST30AD-26AUG05-T5.18"
2026-08-05T04:27:53.003248+00:00,2026-08-05T04:27:53.003233+00:00,KXUST5AD-26AUG05,liquidity,other,15,1200.0000,80.0000,1000.00,2026-08-05T19:30:00+00:00,15.04,Medium-High,27.8,"Post qualifying resting limit orders during the active window; score depends on size, uptime, and distance from best bid/ask.","Unfilled orders may score, but fills create inventory. Target is about 1000 contracts per market; worst-case contract exposure can approach $1 per filled contract before offsetting exits.",Read-only discovery and paper scoring only; live orders require human approval.,"KXUST5AD-26AUG05-T4.25,KXUST5AD-26AUG05-T4.27,KXUST5AD-26AUG05-T4.29,KXUST5AD-26AUG05-T4.31,KXUST5AD-26AUG05-T4.33"
2026-08-05T04:27:53.003248+00:00,2026-08-05T04:27:53.003233+00:00,KXUST7AD-26AUG05,liquidity,other,15,1200.0000,80.0000,1000.00,2026-08-05T19:30:00+00:00,15.04,Medium-High,27.8,"Post qualifying resting limit orders during the active window; score depends on size, uptime, and distance from best bid/ask.","Unfilled orders may score, but fills create inventory. Target is about 1000 contracts per market; worst-case contract exposure can approach $1 per filled contract before offsetting exits.",Read-only discovery and paper scoring only; live orders require human approval.,"KXUST7AD-26AUG05-T4.40,KXUST7AD-26AUG05-T4.42,KXUST7AD-26AUG05-T4.44,KXUST7AD-26AUG05-T4.46,KXUST7AD-26AUG05-T4.48"
2026-08-05T04:27:53.003248+00:00,2026-08-05T04:27:53.003233+00:00,KXYTDAILYTOPVIDEOG-26AUG05,liquidity,other,15,1200.0000,80.0000,1000.00,2026-08-06T03:59:00+00:00,23.52,Medium-High,27.8,"Post qualifying resting limit orders during the active window; score depends on size, uptime, and distance from best bid/ask.","Unfilled orders may score, but fills create inventory. Target is about 1000 contracts per market; worst-case contract exposure can approach $1 per filled contract before offsetting exits.",Read-only discovery and paper scoring only; live orders require human approval.,"KXYTDAILYTOPVIDEOG-26AUG05-BAR,KXYTDAILYTOPVIDEOG-26AUG05-BAS,KXYTDAILYTOPVIDEOG-26AUG05-DAI,KXYTDAILYTOPVIDEOG-26AUG05-GOL,KXYTDAILYTOPVIDEOG-26AUG05-ICO"
2026-08-05T04:27:53.003248+00:00,2026-08-05T04:27:53.003233+00:00,KXYTTOPVIDEO2D-26AUG05,liquidity,other,15,1200.0000,80.0000,1000.00,2026-08-06T03:59:00+00:00,23.52,Medium-High,27.8,"Post qualifying resting limit orders during the active window; score depends on size, uptime, and distance from best bid/ask.","Unfilled orders may score, but fills create inventory. Target is about 1000 contracts per market; worst-case contract exposure can approach $1 per filled contract before offsetting exits.",Read-only discovery and paper scoring only; live orders require human approval.,"KXYTTOPVIDEO2D-26AUG05-BEA,KXYTTOPVIDEO2D-26AUG05-CHO,KXYTTOPVIDEO2D-26AUG05-DAI,KXYTTOPVIDEO2D-26AUG05-DEA,KXYTTOPVIDEO2D-26AUG05-GOL"
2026-08-05T04:27:53.003248+00:00,2026-08-05T04:27:53.003233+00:00,KXYTTOPVIDEOG2D-26AUG05,liquidity,other,15,1200.0000,80.0000,1000.00,2026-08-06T03:59:00+00:00,23.52,Medium-High,27.8,"Post qualifying resting limit orders during the active window; score depends on size, uptime, and distance from best bid/ask.","Unfilled orders may score, but fills create inventory. Target is about 1000 contracts per market; worst-case contract exposure can approach $1 per filled contract before offsetting exits.",Read-only discovery and paper scoring only; live orders require human approval.,"KXYTTOPVIDEOG2D-26AUG05-BAR,KXYTTOPVIDEOG2D-26AUG05-BAS,KXYTTOPVIDEOG2D-26AUG05-DAI,KXYTTOPVIDEOG2D-26AUG05-GOL,KXYTTOPVIDEOG2D-26AUG05-ICO"
2026-08-05T04:27:53.003248+00:00,2026-08-05T04:27:53.003233+00:00,KXUSDJPY-26AUG0510,liquidity,other,15,375.0000,25.0000,1000.00,2026-08-05T14:00:00+00:00,9.54,Medium-High,25.9,"Post qualifying resting limit orders during the active window; score depends on size, uptime, and distance from best bid/ask.","Unfilled orders may score, but fills create inventory. Target is about 1000 contracts per market; worst-case contract exposure can approach $1 per filled contract before offsetting exits.",Read-only discovery and paper scoring only; live orders require human approval.,"KXUSDJPY-26AUG0510-B156.375,KXUSDJPY-26AUG0510-B156.625,KXUSDJPY-26AUG0510-B156.875,KXUSDJPY-26AUG0510-B157.125,KXUSDJPY-26AUG0510-B157.375"
2026-08-05T04:27:53.003248+00:00,2026-08-05T04:27:53.003233+00:00,KXEURUSD-26AUG0510,liquidity,other,15,375.0000,25.0000,1000.00,2026-08-05T14:00:00+00:00,9.54,Medium-High,25.9,"Post qualifying resting limit orders during the active window; score depends on size, uptime, and distance from best bid/ask.","Unfilled orders may score, but fills create inventory. Target is about 1000 contracts per market; worst-case contract exposure can approach $1 per filled contract before offsetting exits.",Read-only discovery and paper scoring only; live orders require human approval.,"KXEURUSD-26AUG0510-B1.139,KXEURUSD-26AUG0510-B1.141,KXEURUSD-26AUG0510-B1.143,KXEURUSD-26AUG0510-B1.145,KXEURUSD-26AUG0510-B1.147"
2026-08-05T04:27:53.003248+00:00,2026-08-05T04:27:53.003233+00:00,KXDIESELD-26AUG05,liquidity,other,21,2100.0000,100.0000,1000.00,2026-08-05T05:59:00+00:00,1.52,High,23.5,"Post qualifying resting limit orders during the active window; score depends on size, uptime, and distance from best bid/ask.","Unfilled orders may score, but fills create inventory. Target is about 1000 contracts per market; worst-case contract exposure can approach $1 per filled contract before offsetting exits.",Read-only discovery and paper scoring only; live orders require human approval.,"KXDIESELD-26AUG05-T5.320,KXDIESELD-26AUG05-T5.325,KXDIESELD-26AUG05-T5.330,KXDIESELD-26AUG05-T5.335,KXDIESELD-26AUG05-T5.340"
2026-08-05T04:27:53.003248+00:00,2026-08-05T04:27:53.003233+00:00,KXRAIN-26AUG04,liquidity,other,14,1400.0000,100.0000,1000.00,2026-08-05T05:00:00+00:00,0.54,Medium-High,23.5,"Post qualifying resting limit orders during the active window; score depends on size, uptime, and distance from best bid/ask.","Unfilled orders may score, but fills create inventory. Target is about 1000 contracts per market; worst-case contract exposure can approach $1 per filled contract before offsetting exits.",Read-only discovery and paper scoring only; live orders require human approval.,"KXRAIN-26AUG04-AUS,KXRAIN-26AUG04-CHI,KXRAIN-26AUG04-DAL,KXRAIN-26AUG04-DEN,KXRAIN-26AUG04-HOU"
